method,fillPerc,confidence,leaves,treeSize,performanceValidation,performanceTraining
moda,0.00,0.0010,7,13,51.278,52.5071
moda,0.00,0.0250,249,497,56.4696,70.0667
moda,0.00,0.0500,401,801,58.3067,76.816
moda,0.00,0.0750,444,887,58.5463,78.3794
moda,0.00,0.1000,542,1083,58.7061,81.735
moda,0.00,0.1250,566,1131,58.8658,82.4404
moda,0.00,0.1500,592,1183,59.1054,83.0505
moda,0.00,0.1750,614,1227,58.7061,83.6034
moda,0.00,0.2000,643,1285,58.7859,84.3089
moda,0.00,0.2250,654,1307,58.6262,84.4995
moda,0.00,0.2500,668,1335,58.6262,84.8046
moda,0.00,0.2750,682,1363,58.5463,85.0143
moda,0.00,0.3000,691,1381,58.4665,85.1859
moda,0.00,0.3250,709,1417,58.3067,85.6244
moda,0.00,0.3500,714,1427,58.3067,85.7197
moda,0.00,0.3750,717,1433,58.3866,85.7769
moda,0.00,0.4000,735,1469,57.9073,86.1392
moda,0.00,0.4250,736,1471,57.9073,86.1582
moda,0.00,0.4500,738,1475,57.9872,86.1964
moda,0.00,0.4750,741,1481,57.9073,86.2345
moda,0.00,0.5000,747,1493,57.7476,86.3298
moda,2.50,0.0010,7,13,51.278,52.469
moda,2.50,0.0250,297,593,54.393,72.3356
moda,2.50,0.0500,435,869,55.5911,78.6845
moda,2.50,0.0750,466,931,55.7508,79.6949
moda,2.50,0.1000,534,1067,56.0703,82.04
moda,2.50,0.1250,554,1107,56.23,82.5929
moda,2.50,0.1500,577,1153,56.7891,83.2793
moda,2.50,0.1750,632,1263,55.6709,84.6902
moda,2.50,0.2000,679,1357,56.23,85.7579
moda,2.50,0.2250,696,1391,56.1502,86.082
moda,2.50,0.2500,709,1417,56.0703,86.3298
moda,2.50,0.2750,724,1447,56.3898,86.5777
moda,2.50,0.3000,735,1469,56.3099,86.7493
moda,2.50,0.3250,747,1493,56.1502,87.0162
moda,2.50,0.3500,752,1503,56.1502,87.0925
moda,2.50,0.3750,752,1503,56.1502,87.0925
moda,2.50,0.4000,767,1533,55.6709,87.3975
moda,2.50,0.4250,768,1535,55.6709,87.4166
moda,2.50,0.4500,769,1537,55.7508,87.4357
moda,2.50,0.4750,776,1551,55.6709,87.531
moda,2.50,0.5000,782,1563,55.5112,87.6072
moda,5.00,0.0010,7,13,51.278,52.45
moda,5.00,0.0250,280,559,55.3514,71.7636
moda,5.00,0.0500,425,849,56.6294,78.3413
moda,5.00,0.0750,487,973,57.2684,80.5148
moda,5.00,0.1000,545,1089,57.0288,82.4976
moda,5.00,0.1250,561,1121,57.508,82.9361
moda,5.00,0.1500,586,1171,57.7476,83.5844
moda,5.00,0.1750,605,1209,57.7476,84.0038
moda,5.00,0.2000,651,1301,57.508,85.0334
moda,5.00,0.2250,696,1391,57.8275,86.0439
moda,5.00,0.2500,711,1421,57.8275,86.3298
moda,5.00,0.2750,719,1437,57.8275,86.4633
moda,5.00,0.3000,729,1457,57.8275,86.673
moda,5.00,0.3250,740,1479,57.7476,86.9018
moda,5.00,0.3500,746,1491,57.7476,87.0353
moda,5.00,0.3750,746,1491,57.7476,87.0353
moda,5.00,0.4000,760,1519,57.3482,87.3403
moda,5.00,0.4250,762,1523,57.4281,87.3594
moda,5.00,0.4500,765,1529,57.7476,87.3785
moda,5.00,0.4750,768,1535,57.6677,87.4166
moda,5.00,0.5000,778,1555,57.4281,87.5119
moda,7.50,0.0010,7,13,51.278,52.469
moda,7.50,0.0250,283,565,56.1502,71.7827
moda,7.50,0.0500,413,825,57.508,77.5024
moda,7.50,0.0750,462,923,57.508,79.2946
moda,7.50,0.1000,564,1127,57.6677,82.612
moda,7.50,0.1250,578,1155,57.508,83.0505
moda,7.50,0.1500,595,1189,57.5879,83.5272
moda,7.50,0.1750,643,1285,57.4281,84.8808
moda,7.50,0.2000,664,1327,57.7476,85.4147
moda,7.50,0.2250,685,1369,57.6677,85.8151
moda,7.50,0.2500,693,1385,57.6677,85.9485
moda,7.50,0.2750,718,1435,57.8275,86.2917
moda,7.50,0.3000,726,1451,57.9073,86.4633
moda,7.50,0.3250,735,1469,57.9073,86.6158
moda,7.50,0.3500,739,1477,57.8275,86.6921
moda,7.50,0.3750,745,1489,57.6677,86.8065
moda,7.50,0.4000,754,1507,57.2684,86.9399
moda,7.50,0.4250,757,1513,57.4281,86.9781
moda,7.50,0.4500,763,1525,57.508,87.0543
moda,7.50,0.4750,768,1535,57.5879,87.1306
moda,7.50,0.5000,773,1545,57.5879,87.1878
moda,10.00,0.0010,7,13,51.278,52.4881
moda,10.00,0.0250,278,555,55.4313,71.592
moda,10.00,0.0500,426,851,55.9105,78.1125
moda,10.00,0.0750,534,1067,56.7093,82.0782
moda,10.00,0.1000,549,1097,57.1086,82.5548
moda,10.00,0.1250,575,1149,57.0288,83.3365
moda,10.00,0.1500,599,1197,55.7508,83.9276
moda,10.00,0.1750,682,1363,55.8307,86.1964
moda,10.00,0.2000,720,1439,56.6294,87.0353
moda,10.00,0.2250,730,1459,56.5495,87.2259
moda,10.00,0.2500,736,1471,56.7093,87.3785
moda,10.00,0.2750,759,1517,56.9489,87.7407
moda,10.00,0.3000,766,1531,56.7891,87.8551
moda,10.00,0.3250,771,1541,56.7093,87.9695
moda,10.00,0.3500,777,1553,56.7891,88.103
moda,10.00,0.3750,777,1553,56.7891,88.103
moda,10.00,0.4000,789,1577,56.7891,88.2745
moda,10.00,0.4250,790,1579,56.7891,88.2936
moda,10.00,0.4500,796,1591,56.7891,88.408
moda,10.00,0.4750,801,1601,56.9489,88.4843
moda,10.00,0.5000,807,1613,56.9489,88.5796
moda,12.50,0.0010,7,13,51.278,52.5453
moda,12.50,0.0250,267,533,56.23,71.3441
moda,12.50,0.0500,399,797,57.508,77.4071
moda,12.50,0.0750,475,949,57.6677,80.1525
moda,12.50,0.1000,526,1051,57.4281,81.6397
moda,12.50,0.1250,571,1141,57.2684,82.898
moda,12.50,0.1500,609,1217,57.4281,83.9847
moda,12.50,0.1750,649,1297,57.508,84.9571
moda,12.50,0.2000,679,1357,57.6677,85.6435
moda,12.50,0.2250,690,1379,57.2684,85.8532
moda,12.50,0.2500,694,1387,57.2684,85.8723
moda,12.50,0.2750,708,1415,57.6677,86.2154
moda,12.50,0.3000,719,1437,57.6677,86.4633
moda,12.50,0.3250,741,1481,57.2684,86.8827
moda,12.50,0.3500,746,1491,57.2684,86.959
moda,12.50,0.3750,749,1497,57.3482,87.0543
moda,12.50,0.4000,759,1517,57.4281,87.2259
moda,12.50,0.4250,764,1527,57.4281,87.3022
moda,12.50,0.4500,770,1539,57.6677,87.3975
moda,12.50,0.4750,774,1547,57.9872,87.4738
moda,12.50,0.5000,779,1557,57.9872,87.5119
moda,15.00,0.0010,8,15,51.278,52.6787
moda,15.00,0.0250,267,533,55.3514,71.6301
moda,15.00,0.0500,428,855,57.1885,78.4366
moda,15.00,0.0750,529,1057,57.6677,81.9066
moda,15.00,0.1000,565,1129,57.9073,82.9743
moda,15.00,0.1250,576,1151,57.9872,83.2602
moda,15.00,0.1500,603,1205,57.9872,84.0038
moda,15.00,0.1750,647,1293,57.9872,85.1096
moda,15.00,0.2000,676,1351,58.0671,85.6625
moda,15.00,0.2250,708,1415,58.2268,86.387
moda,15.00,0.2500,719,1437,58.147,86.6158
moda,15.00,0.2750,732,1463,58.147,86.9018
moda,15.00,0.3000,744,1487,57.7476,87.1306
moda,15.00,0.3250,760,1519,57.8275,87.3975
moda,15.00,0.3500,766,1531,57.9073,87.5119
moda,15.00,0.3750,764,1527,57.9073,87.4929
moda,15.00,0.4000,768,1535,57.8275,87.5691
moda,15.00,0.4250,770,1539,57.8275,87.6072
moda,15.00,0.4500,773,1545,57.8275,87.6835
moda,15.00,0.4750,776,1551,57.8275,87.7407
moda,15.00,0.5000,786,1571,57.5879,87.8551
moda,17.50,0.0010,8,15,51.278,52.5643
moda,17.50,0.0250,278,555,54.9521,71.9924
moda,17.50,0.0500,412,823,55.5112,78.3413
moda,17.50,0.0750,486,971,56.0703,80.9533
moda,17.50,0.1000,576,1151,56.1502,83.8513
moda,17.50,0.1250,607,1213,56.3099,84.7092
moda,17.50,0.1500,625,1249,56.4696,85.1096
moda,17.50,0.1750,653,1305,56.3099,85.796
moda,17.50,0.2000,684,1367,56.9489,86.4824
moda,17.50,0.2250,699,1397,56.869,86.7493
moda,17.50,0.2500,702,1403,56.869,86.8065
moda,17.50,0.2750,709,1417,56.9489,86.9399
moda,17.50,0.3000,732,1463,57.0288,87.4166
moda,17.50,0.3250,748,1495,56.9489,87.6263
moda,17.50,0.3500,753,1505,57.0288,87.7407
moda,17.50,0.3750,762,1523,57.1885,87.8932
moda,17.50,0.4000,775,1549,57.1086,88.0648
moda,17.50,0.4250,783,1565,57.0288,88.1792
moda,17.50,0.4500,786,1571,57.1885,88.2364
moda,17.50,0.4750,786,1571,57.1885,88.2364
moda,17.50,0.5000,792,1583,57.1086,88.2936
moda,20.00,0.0010,28,55,52.3962,55.9009
moda,20.00,0.0250,285,569,55.8307,72.0877
moda,20.00,0.0500,396,791,57.1885,76.3584
moda,20.00,0.0750,518,1035,57.3482,81.3346
moda,20.00,0.1000,572,1143,57.6677,83.0696
moda,20.00,0.1250,626,1251,58.3067,84.6711
moda,20.00,0.1500,650,1299,58.2268,85.3194
moda,20.00,0.1750,661,1321,58.3067,85.6053
moda,20.00,0.2000,684,1367,58.3866,86.082
moda,20.00,0.2250,704,1407,58.0671,86.5777
moda,20.00,0.2500,706,1411,58.0671,86.6158
moda,20.00,0.2750,722,1443,57.9872,86.9399
moda,20.00,0.3000,727,1453,58.147,87.0162
moda,20.00,0.3250,732,1463,58.2268,87.1115
moda,20.00,0.3500,742,1483,58.2268,87.3403
moda,20.00,0.3750,744,1487,58.147,87.3785
moda,20.00,0.4000,751,1501,57.9073,87.4929
moda,20.00,0.4250,758,1515,57.9872,87.5882
moda,20.00,0.4500,761,1521,58.0671,87.6454
moda,20.00,0.4750,764,1527,58.0671,87.6454
moda,20.00,0.5000,772,1543,57.9872,87.7598
moda,22.50,0.0010,5,9,51.5176,52.5262
moda,22.50,0.0250,270,539,55.1917,71.4967
moda,22.50,0.0500,437,873,56.7093,78.7798
moda,22.50,0.0750,541,1081,57.6677,82.3642
moda,22.50,0.1000,599,1197,57.508,84.0991
moda,22.50,0.1250,629,1257,57.3482,84.8618
moda,22.50,0.1500,641,1281,57.6677,85.1287
moda,22.50,0.1750,691,1381,57.1885,86.5205
moda,22.50,0.2000,724,1447,57.9073,87.2259
moda,22.50,0.2250,728,1455,57.8275,87.3022
moda,22.50,0.2500,740,1479,57.8275,87.5119
moda,22.50,0.2750,748,1495,57.8275,87.6644
moda,22.50,0.3000,761,1521,57.6677,87.9123
moda,22.50,0.3250,763,1525,57.8275,87.9504
moda,22.50,0.3500,773,1545,57.9872,88.1411
moda,22.50,0.3750,778,1555,58.0671,88.2173
moda,22.50,0.4000,786,1571,57.9872,88.3317
moda,22.50,0.4250,790,1579,57.9872,88.3889
moda,22.50,0.4500,798,1595,57.9073,88.5224
moda,22.50,0.4750,814,1627,57.8275,88.7321
moda,22.50,0.5000,817,1633,57.7476,88.7703
moda,25.00,0.0010,8,15,51.4377,52.6978
moda,25.00,0.0250,274,547,54.7923,71.6683
moda,25.00,0.0500,380,759,55.4313,76.5872
moda,25.00,0.0750,454,907,55.1118,79.3327
moda,25.00,0.1000,498,995,55.1118,80.8961
moda,25.00,0.1250,528,1055,55.1917,81.8684
moda,25.00,0.1500,602,1203,55.1118,83.8322
moda,25.00,0.1750,630,1259,55.3514,84.5377
moda,25.00,0.2000,663,1325,55.9105,85.2431
moda,25.00,0.2250,684,1367,55.6709,85.6244
moda,25.00,0.2500,702,1403,55.8307,86.0057
moda,25.00,0.2750,704,1407,55.9105,86.0439
moda,25.00,0.3000,735,1469,55.9904,86.7493
moda,25.00,0.3250,739,1477,55.9904,86.8255
moda,25.00,0.3500,749,1497,56.3898,86.9971
moda,25.00,0.3750,755,1509,56.3099,87.1115
moda,25.00,0.4000,755,1509,56.3099,87.1115
moda,25.00,0.4250,758,1515,56.3099,87.1497
moda,25.00,0.4500,760,1519,56.3099,87.1687
moda,25.00,0.4750,766,1531,56.3898,87.2641
moda,25.00,0.5000,770,1539,56.3099,87.3022
moda,27.50,0.0010,26,51,51.4377,55.9962
moda,27.50,0.0250,243,485,55.5112,70.1049
moda,27.50,0.0500,340,679,55.9105,74.6425
moda,27.50,0.0750,451,901,56.3099,78.9895
moda,27.50,0.1000,517,1033,56.0703,81.449
moda,27.50,0.1250,556,1111,56.3898,82.5548
moda,27.50,0.1500,597,1193,55.9904,83.6416
moda,27.50,0.1750,622,1243,56.23,84.2326
moda,27.50,0.2000,656,1311,56.6294,85.0143
moda,27.50,0.2250,684,1367,56.7093,85.5863
moda,27.50,0.2500,694,1387,56.7093,85.7769
moda,27.50,0.2750,699,1397,56.5495,85.8341
moda,27.50,0.3000,707,1413,56.4696,85.9676
moda,27.50,0.3250,710,1419,56.23,85.9485
moda,27.50,0.3500,719,1437,56.23,86.1582
moda,27.50,0.3750,724,1447,56.3099,86.2536
moda,27.50,0.4000,735,1469,56.3898,86.4633
moda,27.50,0.4250,743,1485,56.23,86.5396
moda,27.50,0.4500,747,1493,56.1502,86.6158
moda,27.50,0.4750,750,1499,56.3099,86.654
moda,27.50,0.5000,754,1507,56.3898,86.6921
moda,30.00,0.0010,5,9,51.5176,52.6215
moda,30.00,0.0250,306,611,55.8307,73.9752
moda,30.00,0.0500,400,799,56.869,77.674
moda,30.00,0.0750,465,929,56.23,80.1144
moda,30.00,0.1000,536,1071,56.5495,82.5357
moda,30.00,0.1250,578,1155,56.869,83.6988
moda,30.00,0.1500,594,1187,56.9489,84.0801
moda,30.00,0.1750,634,1267,57.1885,85.2812
moda,30.00,0.2000,680,1359,56.869,86.2917
moda,30.00,0.2250,703,1405,56.7891,86.7684
moda,30.00,0.2500,711,1421,56.6294,86.9209
moda,30.00,0.2750,715,1429,56.5495,86.9971
moda,30.00,0.3000,720,1439,56.6294,87.1115
moda,30.00,0.3250,732,1463,56.6294,87.3213
moda,30.00,0.3500,744,1487,56.7093,87.5119
moda,30.00,0.3750,751,1501,56.7093,87.6454
moda,30.00,0.4000,762,1523,56.7891,87.817
moda,30.00,0.4250,766,1531,56.7891,87.8742
moda,30.00,0.4500,773,1545,56.9489,87.9314
moda,30.00,0.4750,776,1551,56.869,87.9695
moda,30.00,0.5000,785,1569,56.869,88.103
moda,32.50,0.0010,5,9,51.5176,52.8503
moda,32.50,0.0250,247,493,56.6294,70.7531
moda,32.50,0.0500,434,867,56.0703,78.8561
moda,32.50,0.0750,473,945,56.3898,80.2288
moda,32.50,0.1000,524,1047,56.0703,81.9066
moda,32.50,0.1250,558,1115,56.5495,82.8408
moda,32.50,0.1500,614,1227,55.9105,84.4042
moda,32.50,0.1750,650,1299,55.8307,85.1478
moda,32.50,0.2000,694,1387,55.6709,86.3108
moda,32.50,0.2250,721,1441,55.5112,86.959
moda,32.50,0.2500,734,1467,55.6709,87.2069
moda,32.50,0.2750,744,1487,55.7508,87.3785
moda,32.50,0.3000,748,1495,55.6709,87.4547
moda,32.50,0.3250,754,1507,55.7508,87.55
moda,32.50,0.3500,759,1517,55.8307,87.6263
moda,32.50,0.3750,764,1527,55.8307,87.7026
moda,32.50,0.4000,768,1535,55.7508,87.7598
moda,32.50,0.4250,768,1535,55.7508,87.7598
moda,32.50,0.4500,770,1539,55.8307,87.817
moda,32.50,0.4750,772,1543,55.8307,87.836
moda,32.50,0.5000,773,1545,55.7508,87.836
moda,35.00,0.0010,27,53,51.4377,56.0153
moda,35.00,0.0250,262,523,55.4313,71.2488
moda,35.00,0.0500,414,827,57.3482,77.9218
moda,35.00,0.0750,557,1113,57.0288,83.3937
moda,35.00,0.1000,590,1179,57.5879,84.2707
moda,35.00,0.1250,609,1217,57.7476,84.8046
moda,35.00,0.1500,631,1261,57.6677,85.3765
moda,35.00,0.1750,666,1331,57.7476,86.2536
moda,35.00,0.2000,689,1377,57.5879,86.7302
moda,35.00,0.2250,709,1417,57.6677,87.1306
moda,35.00,0.2500,733,1465,57.6677,87.5691
moda,35.00,0.2750,749,1497,57.7476,87.8742
moda,35.00,0.3000,757,1513,57.8275,88.0267
moda,35.00,0.3250,765,1529,57.9073,88.1602
moda,35.00,0.3500,770,1539,57.8275,88.2364
moda,35.00,0.3750,772,1543,57.5879,88.2745
moda,35.00,0.4000,773,1545,57.5879,88.2936
moda,35.00,0.4250,792,1583,57.3482,88.5987
moda,35.00,0.4500,793,1585,57.3482,88.6177
moda,35.00,0.4750,799,1597,57.2684,88.7131
moda,35.00,0.5000,800,1599,57.5879,88.7512
moda,37.50,0.0010,5,9,51.5176,52.7359
moda,37.50,0.0250,268,535,56.0703,70.9247
moda,37.50,0.0500,324,647,56.7093,73.0029
moda,37.50,0.0750,547,1093,56.23,82.1163
moda,37.50,0.1000,583,1165,56.1502,83.1268
moda,37.50,0.1250,604,1207,56.4696,83.7178
moda,37.50,0.1500,642,1283,56.4696,84.7855
moda,37.50,0.1750,673,1345,56.23,85.6053
moda,37.50,0.2000,696,1391,55.9105,86.1773
moda,37.50,0.2250,725,1449,56.23,86.7684
moda,37.50,0.2500,740,1479,55.9105,87.0162
moda,37.50,0.2750,763,1525,56.3099,87.4929
moda,37.50,0.3000,765,1529,56.3099,87.531
moda,37.50,0.3250,771,1541,56.23,87.6263
moda,37.50,0.3500,781,1561,56.1502,87.7788
moda,37.50,0.3750,786,1571,56.23,87.8932
moda,37.50,0.4000,794,1587,56.3099,88.0076
moda,37.50,0.4250,794,1587,56.3099,88.0076
moda,37.50,0.4500,802,1603,56.3898,88.103
moda,37.50,0.4750,803,1605,56.3099,88.103
moda,37.50,0.5000,805,1609,55.9904,88.1602
moda,40.00,0.0010,31,61,51.5176,56.5491
moda,40.00,0.0250,289,577,56.7093,72.5834
moda,40.00,0.0500,474,947,55.2716,80.0191
moda,40.00,0.0750,509,1017,55.1917,81.2202
moda,40.00,0.1000,550,1099,55.5911,82.5167
moda,40.00,0.1250,626,1251,55.5911,84.6711
moda,40.00,0.1500,669,1337,56.4696,85.8341
moda,40.00,0.1750,677,1353,56.3898,86.0248
moda,40.00,0.2000,722,1443,56.0703,87.0353
moda,40.00,0.2250,748,1495,55.5112,87.5882
moda,40.00,0.2500,765,1529,55.5112,87.9123
moda,40.00,0.2750,771,1541,55.5911,88.0076
moda,40.00,0.3000,778,1555,55.6709,88.1411
moda,40.00,0.3250,781,1561,55.7508,88.1983
moda,40.00,0.3500,782,1563,55.7508,88.2173
moda,40.00,0.3750,783,1565,55.9105,88.2364
moda,40.00,0.4000,786,1571,55.9904,88.2745
moda,40.00,0.4250,791,1581,55.9904,88.3508
moda,40.00,0.4500,794,1587,56.1502,88.4271
moda,40.00,0.4750,802,1603,55.9904,88.5415
moda,40.00,0.5000,802,1603,55.9904,88.5415
moda,42.50,0.0010,40,79,53.2748,56.7969
moda,42.50,0.0250,224,447,55.1118,68.7703
moda,42.50,0.0500,442,883,56.3099,78.837
moda,42.50,0.0750,517,1033,56.7093,81.3727
moda,42.50,0.1000,578,1155,56.7093,83.184
moda,42.50,0.1250,616,1231,56.7891,84.3661
moda,42.50,0.1500,658,1315,56.9489,85.4337
moda,42.50,0.1750,709,1417,57.1086,86.673
moda,42.50,0.2000,736,1471,57.1885,87.3594
moda,42.50,0.2250,755,1509,57.3482,87.7407
moda,42.50,0.2500,767,1533,57.5879,87.9504
moda,42.50,0.2750,773,1545,57.4281,87.9886
moda,42.50,0.3000,777,1553,57.508,88.122
moda,42.50,0.3250,788,1575,57.4281,88.2936
moda,42.50,0.3500,797,1593,57.3482,88.4271
moda,42.50,0.3750,799,1597,57.508,88.4461
moda,42.50,0.4000,800,1599,57.508,88.4652
moda,42.50,0.4250,803,1605,57.3482,88.5033
moda,42.50,0.4500,803,1605,57.3482,88.5033
moda,42.50,0.4750,807,1613,57.3482,88.5605
moda,42.50,0.5000,809,1617,57.508,88.5987
moda,45.00,0.0010,6,11,51.5176,52.7359
moda,45.00,0.0250,273,545,55.1118,71.2297
moda,45.00,0.0500,372,743,55.0319,75.7483
moda,45.00,0.0750,465,929,54.1534,79.3518
moda,45.00,0.1000,560,1119,53.115,82.6883
moda,45.00,0.1250,576,1151,53.1949,83.1649
moda,45.00,0.1500,622,1243,53.3546,84.3661
moda,45.00,0.1750,654,1307,53.3546,85.1478
moda,45.00,0.2000,687,1373,53.4345,85.8532
moda,45.00,0.2250,704,1407,53.5144,86.2154
moda,45.00,0.2500,720,1439,53.2748,86.5014
moda,45.00,0.2750,723,1445,53.2748,86.5586
moda,45.00,0.3000,732,1463,53.2748,86.7112
moda,45.00,0.3250,735,1469,53.4345,86.8065
moda,45.00,0.3500,744,1487,53.5144,86.959
moda,45.00,0.3750,744,1487,53.5144,86.959
moda,45.00,0.4000,749,1497,53.5144,87.0353
moda,45.00,0.4250,751,1501,53.4345,87.0543
moda,45.00,0.4500,753,1505,53.5144,87.0734
moda,45.00,0.4750,756,1511,53.5942,87.1115
moda,45.00,0.5000,767,1533,53.754,87.2641
moda,47.50,0.0010,27,53,52.9553,56.7016
moda,47.50,0.0250,292,583,55.8307,72.164
moda,47.50,0.0500,463,925,57.9073,79.8475
moda,47.50,0.0750,557,1113,58.147,83.1459
moda,47.50,0.1000,597,1193,58.3067,84.347
moda,47.50,0.1250,635,1269,58.3067,85.3384
moda,47.50,0.1500,678,1355,58.7859,86.387
moda,47.50,0.1750,697,1393,58.6262,86.8255
moda,47.50,0.2000,713,1425,58.5463,87.1115
moda,47.50,0.2250,730,1459,58.6262,87.4357
moda,47.50,0.2500,755,1509,59.2652,87.9123
moda,47.50,0.2750,764,1527,59.4249,88.0839
moda,47.50,0.3000,772,1543,59.4249,88.1983
moda,47.50,0.3250,774,1547,59.4249,88.2364
moda,47.50,0.3500,775,1549,59.4249,88.2364
moda,47.50,0.3750,784,1567,58.8658,88.3889
moda,47.50,0.4000,790,1579,58.8658,88.4843
moda,47.50,0.4250,793,1585,58.7859,88.5605
moda,47.50,0.4500,798,1595,58.5463,88.6749
moda,47.50,0.4750,807,1613,58.4665,88.7703
moda,47.50,0.5000,811,1621,58.6262,88.8465
moda,50.00,0.0010,34,67,52.1565,56.6444
moda,50.00,0.0250,258,515,56.0703,70.6006
moda,50.00,0.0500,434,867,55.5911,78.5701
moda,50.00,0.0750,499,997,54.7923,80.9533
moda,50.00,0.1000,582,1163,54.4728,83.5844
moda,50.00,0.1250,616,1231,54.6326,84.5377
moda,50.00,0.1500,636,1271,54.393,85.0334
moda,50.00,0.1750,650,1299,55.0319,85.3765
moda,50.00,0.2000,681,1361,54.7125,86.0248
moda,50.00,0.2250,698,1395,55.1118,86.3489
moda,50.00,0.2500,719,1437,55.1118,86.7684
moda,50.00,0.2750,726,1451,55.1118,86.9018
moda,50.00,0.3000,729,1457,55.2716,86.9781
moda,50.00,0.3250,738,1475,55.4313,87.1115
moda,50.00,0.3500,741,1481,55.4313,87.1687
moda,50.00,0.3750,745,1489,55.5112,87.2259
moda,50.00,0.4000,753,1505,55.5112,87.3975
moda,50.00,0.4250,757,1513,55.4313,87.4357
moda,50.00,0.4500,757,1513,55.4313,87.4357
moda,50.00,0.4750,757,1513,55.4313,87.4357
moda,50.00,0.5000,761,1521,55.4313,87.4547
moda,52.50,0.0010,30,59,51.278,56.3775
moda,52.50,0.0250,263,525,55.5911,70.8294
moda,52.50,0.0500,462,923,55.5911,80.2669
moda,52.50,0.0750,511,1021,55.1917,81.6778
moda,52.50,0.1000,564,1127,54.9521,83.3365
moda,52.50,0.1250,581,1161,55.1118,83.7941
moda,52.50,0.1500,634,1267,54.5527,85.224
moda,52.50,0.1750,662,1323,55.0319,85.796
moda,52.50,0.2000,697,1393,55.1917,86.654
moda,52.50,0.2250,720,1439,55.5911,87.0925
moda,52.50,0.2500,731,1461,55.9904,87.3022
moda,52.50,0.2750,749,1497,55.6709,87.6072
moda,52.50,0.3000,751,1501,55.6709,87.6454
moda,52.50,0.3250,759,1517,55.8307,87.7979
moda,52.50,0.3500,767,1533,55.9105,87.9314
moda,52.50,0.3750,775,1549,55.9105,88.0458
moda,52.50,0.4000,776,1551,55.9904,88.0648
moda,52.50,0.4250,786,1571,55.7508,88.2364
moda,52.50,0.4500,790,1579,55.7508,88.2936
moda,52.50,0.4750,796,1591,55.6709,88.3699
moda,52.50,0.5000,800,1599,55.6709,88.408
moda,55.00,0.0010,41,81,51.1182,58.1506
moda,55.00,0.0250,263,525,54.7125,70.5434
moda,55.00,0.0500,383,765,54.393,75.2526
moda,55.00,0.0750,520,1039,53.5942,80.9342
moda,55.00,0.1000,565,1129,53.9137,82.3451
moda,55.00,0.1250,605,1209,54.5527,83.47
moda,55.00,0.1500,642,1283,53.8339,84.3661
moda,55.00,0.1750,660,1319,54.2332,84.7092
moda,55.00,0.2000,685,1369,54.1534,85.205
moda,55.00,0.2250,708,1415,53.754,85.6244
moda,55.00,0.2500,732,1463,54.2332,86.1582
moda,55.00,0.2750,756,1511,54.3131,86.6349
moda,55.00,0.3000,766,1531,54.393,86.8065
moda,55.00,0.3250,766,1531,54.393,86.8065
moda,55.00,0.3500,768,1535,54.4728,86.8827
moda,55.00,0.3750,778,1555,54.4728,87.0543
moda,55.00,0.4000,797,1593,54.5527,87.3022
moda,55.00,0.4250,803,1605,54.5527,87.3975
moda,55.00,0.4500,804,1607,54.5527,87.4166
moda,55.00,0.4750,807,1613,54.5527,87.4547
moda,55.00,0.5000,807,1613,54.5527,87.4547
moda,57.50,0.0010,50,99,51.5974,58.7035
moda,57.50,0.0250,252,503,56.3898,70.6387
moda,57.50,0.0500,471,941,57.7476,80.572
moda,57.50,0.0750,521,1041,57.1885,82.2116
moda,57.50,0.1000,569,1137,56.4696,83.6034
moda,57.50,0.1250,613,1225,56.23,84.7855
moda,57.50,0.1500,636,1271,55.7508,85.3765
moda,57.50,0.1750,684,1367,55.8307,86.4252
moda,57.50,0.2000,733,1465,55.2716,87.531
moda,57.50,0.2250,752,1503,55.5911,87.8551
moda,57.50,0.2500,765,1529,55.5911,88.103
moda,57.50,0.2750,801,1601,55.5112,88.8084
moda,57.50,0.3000,817,1633,55.1917,89.1134
moda,57.50,0.3250,817,1633,55.1917,89.1134
moda,57.50,0.3500,820,1639,55.1917,89.1706
moda,57.50,0.3750,823,1645,55.0319,89.2278
moda,57.50,0.4000,825,1649,55.0319,89.266
moda,57.50,0.4250,825,1649,55.0319,89.266
moda,57.50,0.4500,825,1649,55.0319,89.266
moda,57.50,0.4750,828,1655,55.1118,89.3232
moda,57.50,0.5000,829,1657,55.0319,89.3613
moda,60.00,0.0010,52,103,51.8371,58.7989
moda,60.00,0.0250,375,749,57.0288,75.8437
moda,60.00,0.0500,415,829,56.6294,77.1211
moda,60.00,0.0750,530,1059,56.869,81.8875
moda,60.00,0.1000,560,1119,56.6294,82.6883
moda,60.00,0.1250,638,1275,56.6294,85.0143
moda,60.00,0.1500,689,1377,56.6294,86.1964
moda,60.00,0.1750,715,1429,56.9489,86.8065
moda,60.00,0.2000,727,1453,57.0288,87.0925
moda,60.00,0.2250,742,1483,57.0288,87.3594
moda,60.00,0.2500,762,1523,56.9489,87.7598
moda,60.00,0.2750,776,1551,57.0288,88.0267
moda,60.00,0.3000,790,1579,56.5495,88.3127
moda,60.00,0.3250,810,1619,56.6294,88.6559
moda,60.00,0.3500,811,1621,56.7093,88.694
moda,60.00,0.3750,813,1625,56.7093,88.7131
moda,60.00,0.4000,814,1627,56.7093,88.7321
moda,60.00,0.4250,816,1631,56.7093,88.7703
moda,60.00,0.4500,819,1637,56.6294,88.8275
moda,60.00,0.4750,823,1645,56.7093,88.8847
moda,60.00,0.5000,827,1653,56.6294,88.9418
moda,62.50,0.0010,52,103,51.5176,58.7417
moda,62.50,0.0250,218,435,56.3898,68.5987
moda,62.50,0.0500,463,925,56.3898,79.6187
moda,62.50,0.0750,512,1023,56.0703,81.2202
moda,62.50,0.1000,603,1205,55.1917,84.2517
moda,62.50,0.1250,613,1225,55.1917,84.5186
moda,62.50,0.1500,635,1269,54.7923,85.0524
moda,62.50,0.1750,694,1387,54.9521,86.4061
moda,62.50,0.2000,724,1447,55.0319,87.0734
moda,62.50,0.2250,741,1481,54.9521,87.4166
moda,62.50,0.2500,760,1519,54.9521,87.7979
moda,62.50,0.2750,779,1557,54.4728,88.1792
moda,62.50,0.3000,783,1565,54.6326,88.2555
moda,62.50,0.3250,793,1585,54.5527,88.4271
moda,62.50,0.3500,800,1599,54.5527,88.5415
moda,62.50,0.3750,804,1607,54.7125,88.6177
moda,62.50,0.4000,808,1615,54.7923,88.694
moda,62.50,0.4250,813,1625,54.6326,88.7703
moda,62.50,0.4500,817,1633,54.5527,88.8275
moda,62.50,0.4750,826,1651,54.5527,88.9418
moda,62.50,0.5000,829,1657,54.4728,88.98
moda,65.00,0.0010,45,89,52.0767,56.9304
moda,65.00,0.0250,255,509,54.6326,70.1811
moda,65.00,0.0500,415,829,54.1534,77.4452
moda,65.00,0.0750,536,1071,55.0319,82.04
moda,65.00,0.1000,609,1217,53.9936,84.4233
moda,65.00,0.1250,633,1265,54.0735,85.0334
moda,65.00,0.1500,657,1313,54.1534,85.6435
moda,65.00,0.1750,677,1353,54.393,86.0629
moda,65.00,0.2000,697,1393,54.3131,86.4633
moda,65.00,0.2250,726,1451,54.6326,86.9971
moda,65.00,0.2500,743,1485,54.7125,87.3403
moda,65.00,0.2750,790,1579,54.6326,88.2364
moda,65.00,0.3000,793,1585,54.6326,88.3127
moda,65.00,0.3250,794,1587,54.8722,88.3127
moda,65.00,0.3500,801,1601,54.7923,88.4461
moda,65.00,0.3750,808,1615,54.7923,88.5605
moda,65.00,0.4000,810,1619,54.7923,88.5796
moda,65.00,0.4250,810,1619,54.7923,88.5796
moda,65.00,0.4500,813,1625,54.7125,88.6177
moda,65.00,0.4750,818,1635,54.393,88.694
moda,65.00,0.5000,820,1639,54.393,88.7131
moda,67.50,0.0010,63,125,52.1565,59.8665
moda,67.50,0.0250,283,565,57.1885,71.897
moda,67.50,0.0500,400,799,57.4281,76.9304
moda,67.50,0.0750,481,961,57.1086,80.1525
moda,67.50,0.1000,559,1117,55.9904,82.8027
moda,67.50,0.1250,597,1193,55.6709,83.8513
moda,67.50,0.1500,635,1269,55.4313,84.6711
moda,67.50,0.1750,671,1341,55.5911,85.4719
moda,67.50,0.2000,706,1411,55.2716,86.1582
moda,67.50,0.2250,720,1439,55.3514,86.4442
moda,67.50,0.2500,737,1473,55.1917,86.7684
moda,67.50,0.2750,750,1499,55.2716,87.0734
moda,67.50,0.3000,760,1519,55.3514,87.245
moda,67.50,0.3250,763,1525,55.3514,87.3022
moda,67.50,0.3500,763,1525,55.3514,87.3022
moda,67.50,0.3750,770,1539,55.1917,87.3785
moda,67.50,0.4000,772,1543,55.1917,87.3975
moda,67.50,0.4250,776,1551,55.1917,87.4357
moda,67.50,0.4500,780,1559,55.2716,87.4929
moda,67.50,0.4750,789,1577,55.2716,87.6072
moda,67.50,0.5000,789,1577,55.2716,87.6072
moda,70.00,0.0010,43,85,51.278,57.7502
moda,70.00,0.0250,280,559,54.3131,72.5071
moda,70.00,0.0500,430,859,55.6709,78.1506
moda,70.00,0.0750,544,1087,55.6709,82.6501
moda,70.00,0.1000,572,1143,55.3514,83.3365
moda,70.00,0.1250,617,1233,55.6709,84.4805
moda,70.00,0.1500,633,1265,55.9904,84.8618
moda,70.00,0.1750,668,1335,56.0703,85.5481
moda,70.00,0.2000,701,1401,56.3099,86.3108
moda,70.00,0.2250,741,1481,56.0703,87.1306
moda,70.00,0.2500,757,1513,56.3898,87.4357
moda,70.00,0.2750,766,1531,56.1502,87.55
moda,70.00,0.3000,771,1541,55.6709,87.6454
moda,70.00,0.3250,783,1565,55.8307,87.8742
moda,70.00,0.3500,786,1571,55.7508,87.9314
moda,70.00,0.3750,792,1583,55.5911,88.0458
moda,70.00,0.4000,796,1591,55.5911,88.103
moda,70.00,0.4250,799,1597,55.6709,88.1411
moda,70.00,0.4500,801,1601,55.6709,88.1602
moda,70.00,0.4750,810,1619,55.6709,88.2364
moda,70.00,0.5000,810,1619,55.6709,88.2364
moda,72.50,0.0010,42,83,51.8371,58.2078
moda,72.50,0.0250,282,563,56.9489,72.4309
moda,72.50,0.0500,402,803,57.4281,77.693
moda,72.50,0.0750,520,1039,58.3067,81.9066
moda,72.50,0.1000,570,1139,58.6262,83.3746
moda,72.50,0.1250,616,1231,58.4665,84.6139
moda,72.50,0.1500,643,1285,58.6262,85.3003
moda,72.50,0.1750,667,1333,58.3866,85.8151
moda,72.50,0.2000,715,1429,58.6262,86.8065
moda,72.50,0.2250,746,1491,58.5463,87.4166
moda,72.50,0.2500,765,1529,58.7061,87.7979
moda,72.50,0.2750,774,1547,58.7859,87.9886
moda,72.50,0.3000,787,1573,58.8658,88.2364
moda,72.50,0.3250,794,1587,58.8658,88.3699
moda,72.50,0.3500,810,1619,58.7061,88.6559
moda,72.50,0.3750,811,1621,58.6262,88.6749
moda,72.50,0.4000,817,1633,58.6262,88.7703
moda,72.50,0.4250,817,1633,58.6262,88.7703
moda,72.50,0.4500,820,1639,58.6262,88.8084
moda,72.50,0.4750,823,1645,58.7061,88.8465
moda,72.50,0.5000,836,1671,58.7061,89.0181
moda,75.00,0.0010,38,75,51.3578,57.2355
moda,75.00,0.0250,287,573,54.5527,72.4118
moda,75.00,0.0500,382,763,55.7508,76.5872
moda,75.00,0.0750,513,1025,55.5112,81.3346
moda,75.00,0.1000,565,1129,55.7508,82.8408
moda,75.00,0.1250,589,1177,55.7508,83.5081
moda,75.00,0.1500,629,1257,55.6709,84.4614
moda,75.00,0.1750,666,1331,56.3898,85.2812
moda,75.00,0.2000,704,1407,56.6294,86.0439
moda,75.00,0.2250,731,1461,56.6294,86.5586
moda,75.00,0.2500,763,1525,56.3898,87.1687
moda,75.00,0.2750,772,1543,56.3099,87.3594
moda,75.00,0.3000,787,1573,56.3099,87.6263
moda,75.00,0.3250,793,1585,56.23,87.7407
moda,75.00,0.3500,796,1591,56.3898,87.817
moda,75.00,0.3750,802,1603,56.5495,87.9123
moda,75.00,0.4000,809,1617,56.4696,88.0267
moda,75.00,0.4250,810,1619,56.4696,88.0458
moda,75.00,0.4500,811,1621,56.4696,88.0648
moda,75.00,0.4750,813,1625,56.4696,88.0839
moda,75.00,0.5000,815,1629,56.3898,88.122
moda,77.50,0.0010,39,77,51.5176,57.2736
moda,77.50,0.0250,303,605,53.9936,73.1363
moda,77.50,0.0500,413,825,54.6326,78.1697
moda,77.50,0.0750,485,969,54.5527,80.6101
moda,77.50,0.1000,524,1047,55.5911,81.6206
moda,77.50,0.1250,618,1235,55.1118,84.2326
moda,77.50,0.1500,647,1293,55.5112,84.9762
moda,77.50,0.1750,675,1349,55.5112,85.5481
moda,77.50,0.2000,723,1445,55.9105,86.6158
moda,77.50,0.2250,749,1497,55.5911,87.0734
moda,77.50,0.2500,769,1537,55.6709,87.4929
moda,77.50,0.2750,775,1549,55.8307,87.6072
moda,77.50,0.3000,783,1565,55.8307,87.7598
moda,77.50,0.3250,786,1571,55.8307,87.7979
moda,77.50,0.3500,788,1575,55.7508,87.817
moda,77.50,0.3750,795,1589,55.7508,87.9123
moda,77.50,0.4000,799,1597,55.8307,87.9886
moda,77.50,0.4250,803,1605,55.6709,88.0458
moda,77.50,0.4500,803,1605,55.6709,88.0458
moda,77.50,0.4750,816,1631,55.5911,88.1983
moda,77.50,0.5000,824,1647,55.5112,88.2936
moda,80.00,0.0010,39,77,50.7987,57.7121
moda,80.00,0.0250,311,621,55.9105,73.0029
moda,80.00,0.0500,462,923,56.3898,79.409
moda,80.00,0.0750,534,1067,56.869,81.6587
moda,80.00,0.1000,598,1195,56.9489,83.5081
moda,80.00,0.1250,637,1273,56.3099,84.7855
moda,80.00,0.1500,677,1353,57.1086,85.7579
moda,80.00,0.1750,689,1377,57.1885,86.0248
moda,80.00,0.2000,726,1451,57.2684,86.8827
moda,80.00,0.2250,765,1529,57.6677,87.6072
moda,80.00,0.2500,774,1547,57.6677,87.7979
moda,80.00,0.2750,790,1579,57.6677,88.103
moda,80.00,0.3000,796,1591,58.147,88.1983
moda,80.00,0.3250,802,1603,58.147,88.2936
moda,80.00,0.3500,803,1605,58.147,88.3127
moda,80.00,0.3750,804,1607,58.147,88.3317
moda,80.00,0.4000,805,1609,58.147,88.3508
moda,80.00,0.4250,808,1615,58.147,88.3889
moda,80.00,0.4500,812,1623,57.9872,88.4461
moda,80.00,0.4750,815,1629,57.9872,88.4843
moda,80.00,0.5000,815,1629,57.9872,88.4843
moda,82.50,0.0010,53,105,50.3994,58.4938
moda,82.50,0.0250,280,559,52.9553,71.5157
moda,82.50,0.0500,456,911,54.4728,79.142
moda,82.50,0.0750,528,1055,53.8339,81.4681
moda,82.50,0.1000,597,1193,55.2716,83.7178
moda,82.50,0.1250,627,1253,55.5112,84.4805
moda,82.50,0.1500,678,1355,55.8307,85.6244
moda,82.50,0.1750,695,1389,55.8307,85.9485
moda,82.50,0.2000,733,1465,55.8307,86.7112
moda,82.50,0.2250,772,1543,55.6709,87.5119
moda,82.50,0.2500,788,1575,55.5911,87.817
moda,82.50,0.2750,799,1597,55.4313,88.0458
moda,82.50,0.3000,806,1611,55.7508,88.1602
moda,82.50,0.3250,807,1613,55.7508,88.1792
moda,82.50,0.3500,810,1619,55.7508,88.2173
moda,82.50,0.3750,813,1625,55.7508,88.2936
moda,82.50,0.4000,818,1635,55.8307,88.3508
moda,82.50,0.4250,822,1643,55.9105,88.3889
moda,82.50,0.4500,822,1643,55.9105,88.3889
moda,82.50,0.4750,822,1643,55.9105,88.3889
moda,82.50,0.5000,822,1643,55.9105,88.3889
moda,85.00,0.0010,41,81,50.9585,58.0744
moda,85.00,0.0250,313,625,54.0735,73.2698
moda,85.00,0.0500,478,955,54.0735,80.3241
moda,85.00,0.0750,529,1057,53.9936,81.9256
moda,85.00,0.1000,584,1167,53.754,83.47
moda,85.00,0.1250,618,1235,53.754,84.3661
moda,85.00,0.1500,663,1325,53.6741,85.5481
moda,85.00,0.1750,702,1403,53.4345,86.3489
moda,85.00,0.2000,759,1517,53.754,87.6072
moda,85.00,0.2250,777,1553,53.754,87.9695
moda,85.00,0.2500,791,1581,53.5144,88.2936
moda,85.00,0.2750,811,1621,53.5942,88.694
moda,85.00,0.3000,813,1625,53.5144,88.7321
moda,85.00,0.3250,821,1641,53.3546,88.8656
moda,85.00,0.3500,824,1647,53.4345,88.9228
moda,85.00,0.3750,825,1649,53.5144,88.9418
moda,85.00,0.4000,830,1659,53.5942,89.0562
moda,85.00,0.4250,830,1659,53.5942,89.0562
moda,85.00,0.4500,832,1663,53.5942,89.0753
moda,85.00,0.4750,835,1669,53.5144,89.1134
moda,85.00,0.5000,835,1669,53.5144,89.1134
modaclase,0.00,0.0010,7,13,51.278,52.5071
modaclase,0.00,0.0250,249,497,56.4696,70.0667
modaclase,0.00,0.0500,401,801,58.3067,76.816
modaclase,0.00,0.0750,444,887,58.5463,78.3794
modaclase,0.00,0.1000,542,1083,58.7061,81.735
modaclase,0.00,0.1250,566,1131,58.8658,82.4404
modaclase,0.00,0.1500,592,1183,59.1054,83.0505
modaclase,0.00,0.1750,614,1227,58.7061,83.6034
modaclase,0.00,0.2000,643,1285,58.7859,84.3089
modaclase,0.00,0.2250,654,1307,58.6262,84.4995
modaclase,0.00,0.2500,668,1335,58.6262,84.8046
modaclase,0.00,0.2750,682,1363,58.5463,85.0143
modaclase,0.00,0.3000,691,1381,58.4665,85.1859
modaclase,0.00,0.3250,709,1417,58.3067,85.6244
modaclase,0.00,0.3500,714,1427,58.3067,85.7197
modaclase,0.00,0.3750,717,1433,58.3866,85.7769
modaclase,0.00,0.4000,735,1469,57.9073,86.1392
modaclase,0.00,0.4250,736,1471,57.9073,86.1582
modaclase,0.00,0.4500,738,1475,57.9872,86.1964
modaclase,0.00,0.4750,741,1481,57.9073,86.2345
modaclase,0.00,0.5000,747,1493,57.7476,86.3298
modaclase,2.50,0.0010,7,13,51.278,52.469
modaclase,2.50,0.0250,233,465,56.7891,69.285
modaclase,2.50,0.0500,394,787,57.8275,76.4919
modaclase,2.50,0.0750,459,917,58.2268,78.8561
modaclase,2.50,0.1000,532,1063,58.2268,81.3155
modaclase,2.50,0.1250,569,1137,58.3067,82.4976
modaclase,2.50,0.1500,582,1163,58.4665,82.7836
modaclase,2.50,0.1750,610,1219,58.2268,83.5272
modaclase,2.50,0.2000,643,1285,58.4665,84.3279
modaclase,2.50,0.2250,664,1327,58.7061,84.7664
modaclase,2.50,0.2500,678,1355,58.6262,85.0334
modaclase,2.50,0.2750,694,1387,58.4665,85.3003
modaclase,2.50,0.3000,703,1405,58.5463,85.4528
modaclase,2.50,0.3250,721,1441,58.2268,85.8723
modaclase,2.50,0.3500,727,1453,58.2268,85.9867
modaclase,2.50,0.3750,731,1461,58.3067,86.0629
modaclase,2.50,0.4000,752,1503,57.8275,86.4442
modaclase,2.50,0.4250,753,1505,57.8275,86.4633
modaclase,2.50,0.4500,754,1507,58.0671,86.4633
modaclase,2.50,0.4750,755,1509,58.0671,86.4824
modaclase,2.50,0.5000,760,1519,57.9872,86.5396
modaclase,5.00,0.0010,7,13,51.278,52.469
modaclase,5.00,0.0250,244,487,55.7508,69.4185
modaclase,5.00,0.0500,398,795,58.0671,76.8541
modaclase,5.00,0.0750,449,897,58.147,78.6654
modaclase,5.00,0.1000,539,1077,57.7476,81.8684
modaclase,5.00,0.1250,565,1129,58.0671,82.612
modaclase,5.00,0.1500,606,1211,58.7061,83.6225
modaclase,5.00,0.1750,625,1249,58.6262,84.0801
modaclase,5.00,0.2000,657,1313,58.2268,84.7855
modaclase,5.00,0.2250,665,1329,57.9073,84.9762
modaclase,5.00,0.2500,679,1357,58.147,85.2622
modaclase,5.00,0.2750,687,1373,57.9872,85.4147
modaclase,5.00,0.3000,695,1389,57.9872,85.6435
modaclase,5.00,0.3250,720,1439,57.7476,86.1582
modaclase,5.00,0.3500,728,1455,57.6677,86.3108
modaclase,5.00,0.3750,731,1461,57.7476,86.368
modaclase,5.00,0.4000,741,1481,57.508,86.5396
modaclase,5.00,0.4250,747,1493,57.508,86.6349
modaclase,5.00,0.4500,747,1493,57.508,86.6349
modaclase,5.00,0.4750,750,1499,57.4281,86.673
modaclase,5.00,0.5000,758,1515,57.3482,86.7302
modaclase,7.50,0.0010,5,9,51.5176,52.45
modaclase,7.50,0.0250,262,523,56.7891,71.1725
modaclase,7.50,0.0500,409,817,56.869,77.1401
modaclase,7.50,0.0750,490,979,57.1086,80.2097
modaclase,7.50,0.1000,526,1051,57.5879,81.3155
modaclase,7.50,0.1250,555,1109,57.8275,82.326
modaclase,7.50,0.1500,590,1179,57.6677,83.2031
modaclase,7.50,0.1750,612,1223,57.7476,83.7369
modaclase,7.50,0.2000,653,1305,58.7061,84.4805
modaclase,7.50,0.2250,660,1319,58.7061,84.633
modaclase,7.50,0.2500,678,1355,58.7859,85.0143
modaclase,7.50,0.2750,691,1381,58.9457,85.2812
modaclase,7.50,0.3000,697,1393,59.1853,85.3956
modaclase,7.50,0.3250,702,1403,59.1853,85.4719
modaclase,7.50,0.3500,720,1439,59.1054,85.8723
modaclase,7.50,0.3750,721,1441,59.1054,85.8913
modaclase,7.50,0.4000,735,1469,58.9457,86.101
modaclase,7.50,0.4250,738,1475,59.0256,86.1201
modaclase,7.50,0.4500,744,1487,59.1054,86.2154
modaclase,7.50,0.4750,749,1497,59.1054,86.2917
modaclase,7.50,0.5000,753,1505,59.0256,86.3298
modaclase,10.00,0.0010,7,13,51.278,52.3546
modaclase,10.00,0.0250,271,541,55.5112,70.9056
modaclase,10.00,0.0500,411,821,57.0288,76.4728
modaclase,10.00,0.0750,499,997,57.2684,80.3432
modaclase,10.00,0.1000,550,1099,56.9489,82.0019
modaclase,10.00,0.1250,594,1187,57.1885,83.2602
modaclase,10.00,0.1500,630,1259,57.2684,84.2707
modaclase,10.00,0.1750,643,1285,57.1885,84.5949
modaclase,10.00,0.2000,660,1319,57.1086,84.9571
modaclase,10.00,0.2250,669,1337,56.9489,85.1478
modaclase,10.00,0.2500,697,1393,57.8275,85.7388
modaclase,10.00,0.2750,718,1435,58.147,86.101
modaclase,10.00,0.3000,730,1459,58.0671,86.3108
modaclase,10.00,0.3250,732,1463,58.147,86.3298
modaclase,10.00,0.3500,738,1475,58.147,86.4824
modaclase,10.00,0.3750,743,1485,57.9872,86.6158
modaclase,10.00,0.4000,743,1485,57.9872,86.6158
modaclase,10.00,0.4250,744,1487,57.9872,86.6349
modaclase,10.00,0.4500,748,1495,58.147,86.6921
modaclase,10.00,0.4750,751,1501,58.2268,86.7874
modaclase,10.00,0.5000,756,1511,58.147,86.8446
modaclase,12.50,0.0010,7,13,51.278,52.6215
modaclase,12.50,0.0250,302,603,56.23,73.4795
modaclase,12.50,0.0500,467,933,57.2684,80.0381
modaclase,12.50,0.0750,516,1031,57.3482,81.6969
modaclase,12.50,0.1000,547,1093,57.1086,82.5167
modaclase,12.50,0.1250,567,1133,57.1885,83.0315
modaclase,12.50,0.1500,584,1167,57.6677,83.47
modaclase,12.50,0.1750,609,1217,58.0671,84.2517
modaclase,12.50,0.2000,624,1247,58.5463,84.633
modaclase,12.50,0.2250,634,1267,58.5463,84.8618
modaclase,12.50,0.2500,660,1319,58.7859,85.4528
modaclase,12.50,0.2750,666,1331,58.7859,85.6053
modaclase,12.50,0.3000,670,1339,58.7859,85.7007
modaclase,12.50,0.3250,699,1397,58.4665,86.2536
modaclase,12.50,0.3500,707,1413,58.5463,86.4061
modaclase,12.50,0.3750,712,1423,58.6262,86.4824
modaclase,12.50,0.4000,724,1447,58.7061,86.654
modaclase,12.50,0.4250,729,1457,58.7061,86.7302
modaclase,12.50,0.4500,731,1461,58.6262,86.8255
modaclase,12.50,0.4750,734,1467,58.7859,86.8637
modaclase,12.50,0.5000,740,1479,58.6262,86.9399
modaclase,15.00,0.0010,5,9,51.5176,52.45
modaclase,15.00,0.0250,319,637,55.3514,73.613
modaclase,15.00,0.0500,435,869,56.6294,78.6273
modaclase,15.00,0.0750,508,1015,57.1086,81.1821
modaclase,15.00,0.1000,583,1165,56.6294,83.4318
modaclase,15.00,0.1250,606,1211,56.5495,84.1373
modaclase,15.00,0.1500,610,1219,57.4281,84.2135
modaclase,15.00,0.1750,650,1299,57.0288,85.1859
modaclase,15.00,0.2000,675,1349,56.7891,85.7197
modaclase,15.00,0.2250,686,1371,56.9489,85.9867
modaclase,15.00,0.2500,696,1391,57.1885,86.1964
modaclase,15.00,0.2750,713,1425,57.1885,86.6158
modaclase,15.00,0.3000,734,1467,57.3482,86.9971
modaclase,15.00,0.3250,737,1473,57.1885,87.0543
modaclase,15.00,0.3500,742,1483,57.1885,87.1497
modaclase,15.00,0.3750,751,1501,57.2684,87.3403
modaclase,15.00,0.4000,760,1519,57.1086,87.4929
modaclase,15.00,0.4250,770,1539,57.0288,87.6454
modaclase,15.00,0.4500,777,1553,57.1086,87.7979
modaclase,15.00,0.4750,781,1561,57.1885,87.8742
modaclase,15.00,0.5000,781,1561,57.1885,87.8742
modaclase,17.50,0.0010,7,13,51.278,52.3165
modaclase,17.50,0.0250,292,583,57.4281,72.183
modaclase,17.50,0.0500,382,763,59.1054,75.4623
modaclase,17.50,0.0750,462,923,59.1054,78.6273
modaclase,17.50,0.1000,524,1047,59.1853,80.9914
modaclase,17.50,0.1250,596,1191,58.7061,83.3746
modaclase,17.50,0.1500,635,1269,58.4665,84.4233
modaclase,17.50,0.1750,660,1319,58.7859,84.9762
modaclase,17.50,0.2000,683,1365,58.9457,85.4337
modaclase,17.50,0.2250,694,1387,58.8658,85.6625
modaclase,17.50,0.2500,707,1413,59.0256,85.8723
modaclase,17.50,0.2750,720,1439,59.0256,86.101
modaclase,17.50,0.3000,726,1451,59.0256,86.2345
modaclase,17.50,0.3250,746,1491,58.8658,86.6158
modaclase,17.50,0.3500,754,1507,58.8658,86.7684
modaclase,17.50,0.3750,754,1507,58.8658,86.7684
modaclase,17.50,0.4000,755,1509,58.8658,86.7874
modaclase,17.50,0.4250,756,1511,59.0256,86.8065
modaclase,17.50,0.4500,758,1515,59.0256,86.8255
modaclase,17.50,0.4750,761,1521,59.0256,86.8637
modaclase,17.50,0.5000,761,1521,59.0256,86.8637
modaclase,20.00,0.0010,7,13,51.278,52.5071
modaclase,20.00,0.0250,315,629,55.4313,73.5748
modaclase,20.00,0.0500,445,889,56.869,78.7226
modaclase,20.00,0.0750,524,1047,57.1885,81.449
modaclase,20.00,0.1000,579,1157,57.1086,83.0887
modaclase,20.00,0.1250,594,1187,57.1885,83.7178
modaclase,20.00,0.1500,611,1221,57.3482,84.0991
modaclase,20.00,0.1750,622,1243,57.4281,84.4233
modaclase,20.00,0.2000,640,1279,57.5879,84.8427
modaclase,20.00,0.2250,670,1339,57.508,85.5863
modaclase,20.00,0.2500,681,1361,57.8275,85.8341
modaclase,20.00,0.2750,681,1361,57.8275,85.8341
modaclase,20.00,0.3000,700,1399,57.9872,86.2536
modaclase,20.00,0.3250,721,1441,57.9073,86.5968
modaclase,20.00,0.3500,723,1445,57.9073,86.6158
modaclase,20.00,0.3750,726,1451,57.9073,86.6921
modaclase,20.00,0.4000,734,1467,57.4281,86.8065
modaclase,20.00,0.4250,742,1483,57.3482,86.9399
modaclase,20.00,0.4500,745,1489,57.3482,86.9781
modaclase,20.00,0.4750,745,1489,57.3482,86.9781
modaclase,20.00,0.5000,749,1497,57.2684,87.0162
modaclase,22.50,0.0010,9,17,51.1981,53.9752
modaclase,22.50,0.0250,274,547,54.8722,71.0772
modaclase,22.50,0.0500,411,821,56.23,76.8732
modaclase,22.50,0.0750,483,965,56.7093,80.1525
modaclase,22.50,0.1000,525,1049,57.1086,81.3918
modaclase,22.50,0.1250,549,1097,57.1086,82.021
modaclase,22.50,0.1500,613,1225,56.869,83.775
modaclase,22.50,0.1750,632,1263,56.869,84.2135
modaclase,22.50,0.2000,649,1297,57.0288,84.6139
modaclase,22.50,0.2250,693,1385,57.2684,85.5863
modaclase,22.50,0.2500,700,1399,57.2684,85.7579
modaclase,22.50,0.2750,720,1439,57.1885,86.2345
modaclase,22.50,0.3000,726,1451,57.1086,86.368
modaclase,22.50,0.3250,728,1455,56.9489,86.4061
modaclase,22.50,0.3500,739,1477,57.1086,86.5968
modaclase,22.50,0.3750,748,1495,57.4281,86.7302
modaclase,22.50,0.4000,754,1507,57.3482,86.8446
modaclase,22.50,0.4250,758,1515,57.3482,86.959
modaclase,22.50,0.4500,762,1523,57.3482,87.0162
modaclase,22.50,0.4750,767,1533,57.4281,87.0925
modaclase,22.50,0.5000,768,1535,57.3482,87.1306
modaclase,25.00,0.0010,33,65,50.2396,56.3012
modaclase,25.00,0.0250,295,589,54.7125,72.5262
modaclase,25.00,0.0500,353,705,55.2716,74.8141
modaclase,25.00,0.0750,472,943,55.4313,79.2564
modaclase,25.00,0.1000,539,1077,55.7508,81.7922
modaclase,25.00,0.1250,598,1195,56.0703,83.6034
modaclase,25.00,0.1500,639,1277,55.7508,84.6139
modaclase,25.00,0.1750,658,1315,56.4696,85.0906
modaclase,25.00,0.2000,668,1335,56.9489,85.3384
modaclase,25.00,0.2250,695,1389,56.9489,85.9867
modaclase,25.00,0.2500,710,1419,57.1086,86.3108
modaclase,25.00,0.2750,726,1451,57.1086,86.673
modaclase,25.00,0.3000,738,1475,57.2684,86.9209
modaclase,25.00,0.3250,745,1489,57.3482,87.0353
modaclase,25.00,0.3500,750,1499,57.4281,87.1497
modaclase,25.00,0.3750,758,1515,57.2684,87.2831
modaclase,25.00,0.4000,760,1519,57.2684,87.3022
modaclase,25.00,0.4250,767,1533,57.1885,87.4166
modaclase,25.00,0.4500,773,1545,57.1885,87.55
modaclase,25.00,0.4750,777,1553,57.3482,87.6072
modaclase,25.00,0.5000,782,1563,57.508,87.6835
modaclase,27.50,0.0010,18,35,50.8786,55.2336
modaclase,27.50,0.0250,287,573,56.23,72.3356
modaclase,27.50,0.0500,393,785,57.2684,77.102
modaclase,27.50,0.0750,468,935,57.508,79.7903
modaclase,27.50,0.1000,546,1091,57.1086,82.8789
modaclase,27.50,0.1250,592,1183,57.1885,84.0229
modaclase,27.50,0.1500,603,1205,57.2684,84.2517
modaclase,27.50,0.1750,633,1265,57.1086,84.9571
modaclase,27.50,0.2000,648,1295,57.1885,85.2812
modaclase,27.50,0.2250,668,1335,57.4281,85.6435
modaclase,27.50,0.2500,679,1357,57.5879,85.8723
modaclase,27.50,0.2750,689,1377,57.6677,86.082
modaclase,27.50,0.3000,704,1407,57.5879,86.368
modaclase,27.50,0.3250,717,1433,57.5879,86.6158
modaclase,27.50,0.3500,720,1439,57.4281,86.673
modaclase,27.50,0.3750,729,1457,57.508,86.8065
modaclase,27.50,0.4000,731,1461,57.508,86.8446
modaclase,27.50,0.4250,739,1477,57.5879,86.959
modaclase,27.50,0.4500,743,1485,57.508,87.0162
modaclase,27.50,0.4750,752,1503,57.3482,87.1306
modaclase,27.50,0.5000,754,1507,57.3482,87.1687
modaclase,30.00,0.0010,40,79,53.0351,57.1973
modaclase,30.00,0.0250,308,615,56.23,73.5367
modaclase,30.00,0.0500,420,839,57.1885,78.1316
modaclase,30.00,0.0750,462,923,57.9872,79.5996
modaclase,30.00,0.1000,530,1059,57.508,82.2116
modaclase,30.00,0.1250,560,1119,58.147,83.0505
modaclase,30.00,0.1500,590,1179,58.0671,83.756
modaclase,30.00,0.1750,626,1251,58.6262,84.633
modaclase,30.00,0.2000,635,1269,58.7061,84.8046
modaclase,30.00,0.2250,645,1289,58.5463,84.9762
modaclase,30.00,0.2500,659,1317,58.3866,85.3003
modaclase,30.00,0.2750,666,1331,58.5463,85.4337
modaclase,30.00,0.3000,683,1365,58.5463,85.7197
modaclase,30.00,0.3250,695,1389,58.6262,85.9295
modaclase,30.00,0.3500,700,1399,58.8658,86.0248
modaclase,30.00,0.3750,704,1407,58.7859,86.082
modaclase,30.00,0.4000,706,1411,58.8658,86.101
modaclase,30.00,0.4250,711,1421,58.6262,86.1773
modaclase,30.00,0.4500,712,1423,58.3866,86.1582
modaclase,30.00,0.4750,722,1443,58.3067,86.2726
modaclase,30.00,0.5000,721,1441,58.147,86.2917
modaclase,32.50,0.0010,16,31,52.6358,54.49
modaclase,32.50,0.0250,287,573,54.7923,71.8398
modaclase,32.50,0.0500,433,865,55.3514,77.7502
modaclase,32.50,0.0750,527,1053,57.0288,81.4681
modaclase,32.50,0.1000,562,1123,56.1502,82.8599
modaclase,32.50,0.1250,611,1221,56.3099,84.1945
modaclase,32.50,0.1500,652,1303,56.3099,85.3003
modaclase,32.50,0.1750,676,1351,56.23,85.9104
modaclase,32.50,0.2000,701,1401,56.23,86.4252
modaclase,32.50,0.2250,714,1427,56.1502,86.7112
modaclase,32.50,0.2500,728,1455,56.0703,87.0162
modaclase,32.50,0.2750,750,1499,56.4696,87.4929
modaclase,32.50,0.3000,765,1529,56.4696,87.7407
modaclase,32.50,0.3250,769,1537,56.4696,87.7979
modaclase,32.50,0.3500,774,1547,56.23,87.8932
modaclase,32.50,0.3750,779,1557,56.3898,87.9886
modaclase,32.50,0.4000,794,1587,56.1502,88.2364
modaclase,32.50,0.4250,801,1601,56.0703,88.3508
modaclase,32.50,0.4500,808,1615,56.0703,88.4843
modaclase,32.50,0.4750,810,1619,55.7508,88.5033
modaclase,32.50,0.5000,813,1625,55.7508,88.5605
modaclase,35.00,0.0010,23,45,52.476,55.939
modaclase,35.00,0.0250,329,657,55.7508,74.4137
modaclase,35.00,0.0500,416,831,56.1502,77.9218
modaclase,35.00,0.0750,510,1019,57.0288,81.8875
modaclase,35.00,0.1000,547,1093,57.5879,82.9171
modaclase,35.00,0.1250,567,1133,57.6677,83.489
modaclase,35.00,0.1500,592,1183,57.7476,84.0991
modaclase,35.00,0.1750,617,1233,57.9872,84.7474
modaclase,35.00,0.2000,659,1317,57.1086,85.8723
modaclase,35.00,0.2250,693,1385,57.0288,86.5777
modaclase,35.00,0.2500,718,1435,57.1086,87.0734
modaclase,35.00,0.2750,735,1469,57.1086,87.3975
modaclase,35.00,0.3000,746,1491,57.0288,87.6072
modaclase,35.00,0.3250,760,1519,57.3482,87.8742
modaclase,35.00,0.3500,763,1525,57.508,87.9314
modaclase,35.00,0.3750,767,1533,57.5879,88.0076
modaclase,35.00,0.4000,769,1537,57.4281,88.0458
modaclase,35.00,0.4250,769,1537,57.4281,88.0458
modaclase,35.00,0.4500,769,1537,57.4281,88.0458
modaclase,35.00,0.4750,774,1547,57.2684,88.1411
modaclase,35.00,0.5000,779,1557,57.1885,88.1983
modaclase,37.50,0.0010,26,51,50.3994,55.8246
modaclase,37.50,0.0250,274,547,55.9105,72.1258
modaclase,37.50,0.0500,420,839,57.1885,78.6273
modaclase,37.50,0.0750,478,955,57.0288,80.4576
modaclase,37.50,0.1000,558,1115,56.9489,83.2031
modaclase,37.50,0.1250,611,1221,57.2684,84.6902
modaclase,37.50,0.1500,624,1247,57.4281,85.0715
modaclase,37.50,0.1750,634,1267,57.3482,85.3003
modaclase,37.50,0.2000,676,1351,57.508,86.1582
modaclase,37.50,0.2250,711,1421,57.8275,86.8637
modaclase,37.50,0.2500,728,1455,57.4281,87.1878
modaclase,37.50,0.2750,733,1465,57.5879,87.2641
modaclase,37.50,0.3000,738,1475,57.5879,87.3594
modaclase,37.50,0.3250,746,1491,57.4281,87.5119
modaclase,37.50,0.3500,750,1499,57.508,87.6072
modaclase,37.50,0.3750,760,1519,57.5879,87.7598
modaclase,37.50,0.4000,763,1525,57.7476,87.817
modaclase,37.50,0.4250,771,1541,57.8275,87.9504
modaclase,37.50,0.4500,779,1557,57.9073,88.103
modaclase,37.50,0.4750,783,1565,57.9073,88.1792
modaclase,37.50,0.5000,783,1565,57.9073,88.1792
modaclase,40.00,0.0010,31,61,51.1981,56.2631
modaclase,40.00,0.0250,253,505,56.5495,71.5729
modaclase,40.00,0.0500,334,667,56.3898,75.1192
modaclase,40.00,0.0750,424,847,56.9489,78.2269
modaclase,40.00,0.1000,489,977,57.508,80.4385
modaclase,40.00,0.1250,538,1075,57.2684,81.8494
modaclase,40.00,0.1500,619,1237,56.3099,84.5377
modaclase,40.00,0.1750,658,1315,56.23,85.4337
modaclase,40.00,0.2000,673,1345,56.3099,85.7007
modaclase,40.00,0.2250,694,1387,56.7891,86.101
modaclase,40.00,0.2500,715,1429,56.3099,86.5396
modaclase,40.00,0.2750,738,1475,56.23,86.959
modaclase,40.00,0.3000,753,1505,56.1502,87.2259
modaclase,40.00,0.3250,762,1523,56.3099,87.3594
modaclase,40.00,0.3500,769,1537,56.3898,87.4738
modaclase,40.00,0.3750,777,1553,56.3898,87.5882
modaclase,40.00,0.4000,780,1559,56.4696,87.6263
modaclase,40.00,0.4250,785,1569,56.3898,87.7026
modaclase,40.00,0.4500,799,1597,56.4696,87.9123
modaclase,40.00,0.4750,806,1611,56.3898,88.0076
modaclase,40.00,0.5000,809,1617,56.3898,88.0458
modaclase,42.50,0.0010,29,57,53.4345,56.4728
modaclase,42.50,0.0250,295,589,54.9521,73.041
modaclase,42.50,0.0500,418,835,55.4313,78.3413
modaclase,42.50,0.0750,494,987,56.869,81.6778
modaclase,42.50,0.1000,571,1141,56.9489,84.2898
modaclase,42.50,0.1250,582,1163,57.508,84.5377
modaclase,42.50,0.1500,618,1235,57.6677,85.3956
modaclase,42.50,0.1750,641,1281,57.5879,85.8341
modaclase,42.50,0.2000,658,1315,57.7476,86.101
modaclase,42.50,0.2250,671,1341,57.7476,86.368
modaclase,42.50,0.2500,684,1367,57.9073,86.5968
modaclase,42.50,0.2750,709,1417,57.9872,87.0543
modaclase,42.50,0.3000,711,1421,57.9872,87.0925
modaclase,42.50,0.3250,722,1443,58.0671,87.2831
modaclase,42.50,0.3500,724,1447,58.0671,87.3213
modaclase,42.50,0.3750,725,1449,57.9872,87.3403
modaclase,42.50,0.4000,727,1453,57.9872,87.3594
modaclase,42.50,0.4250,734,1467,57.9872,87.4738
modaclase,42.50,0.4500,734,1467,57.9872,87.4738
modaclase,42.50,0.4750,741,1481,58.147,87.5691
modaclase,42.50,0.5000,741,1481,58.147,87.5691
modaclase,45.00,0.0010,22,43,50.5591,55.5577
modaclase,45.00,0.0250,299,597,57.0288,73.6892
modaclase,45.00,0.0500,379,757,56.869,76.6444
modaclase,45.00,0.0750,486,971,57.0288,81.4109
modaclase,45.00,0.1000,527,1053,57.3482,82.6692
modaclase,45.00,0.1250,587,1173,57.0288,84.5377
modaclase,45.00,0.1500,607,1213,57.3482,85.0143
modaclase,45.00,0.1750,634,1267,57.2684,85.6244
modaclase,45.00,0.2000,660,1319,57.2684,86.2536
modaclase,45.00,0.2250,688,1375,56.869,86.8255
modaclase,45.00,0.2500,715,1429,57.4281,87.2831
modaclase,45.00,0.2750,720,1439,57.508,87.3975
modaclase,45.00,0.3000,739,1477,57.1086,87.7598
modaclase,45.00,0.3250,744,1487,57.0288,87.8932
modaclase,45.00,0.3500,748,1495,56.869,87.9123
modaclase,45.00,0.3750,757,1513,57.1086,88.0648
modaclase,45.00,0.4000,762,1523,57.0288,88.122
modaclase,45.00,0.4250,761,1521,56.9489,88.103
modaclase,45.00,0.4500,761,1521,56.9489,88.103
modaclase,45.00,0.4750,768,1535,56.9489,88.2173
modaclase,45.00,0.5000,772,1543,56.9489,88.2555
modaclase,47.50,0.0010,47,93,51.3578,57.96
modaclase,47.50,0.0250,311,621,56.6294,73.0219
modaclase,47.50,0.0500,430,859,56.869,78.3413
modaclase,47.50,0.0750,474,947,57.1086,79.5234
modaclase,47.50,0.1000,545,1089,56.7093,82.021
modaclase,47.50,0.1250,568,1135,56.7093,82.7264
modaclase,47.50,0.1500,601,1201,57.1086,83.6416
modaclase,47.50,0.1750,620,1239,57.8275,84.1182
modaclase,47.50,0.2000,643,1285,57.8275,84.6139
modaclase,47.50,0.2250,667,1333,58.2268,85.1859
modaclase,47.50,0.2500,691,1381,57.9073,85.7388
modaclase,47.50,0.2750,704,1407,57.8275,86.0629
modaclase,47.50,0.3000,712,1423,58.147,86.2154
modaclase,47.50,0.3250,720,1439,57.9872,86.387
modaclase,47.50,0.3500,729,1457,57.9073,86.6158
modaclase,47.50,0.3750,743,1485,57.8275,86.8446
modaclase,47.50,0.4000,745,1489,57.8275,86.8827
modaclase,47.50,0.4250,749,1497,57.9872,86.9399
modaclase,47.50,0.4500,755,1509,57.9872,87.0162
modaclase,47.50,0.4750,762,1523,57.508,87.1115
modaclase,47.50,0.5000,762,1523,57.508,87.1115
modaclase,50.00,0.0010,19,37,50.7987,54.9476
modaclase,50.00,0.0250,303,605,54.8722,72.9075
modaclase,50.00,0.0500,370,739,55.1917,75.348
modaclase,50.00,0.0750,481,961,55.0319,79.7521
modaclase,50.00,0.1000,556,1111,55.9105,82.4214
modaclase,50.00,0.1250,618,1235,56.6294,84.4233
modaclase,50.00,0.1500,642,1283,56.9489,85.0524
modaclase,50.00,0.1750,664,1327,57.1086,85.4909
modaclase,50.00,0.2000,715,1429,56.5495,86.6349
modaclase,50.00,0.2250,738,1475,57.1086,87.0543
modaclase,50.00,0.2500,750,1499,57.4281,87.2641
modaclase,50.00,0.2750,759,1517,57.5879,87.4357
modaclase,50.00,0.3000,762,1523,57.5879,87.4929
modaclase,50.00,0.3250,766,1531,57.7476,87.55
modaclase,50.00,0.3500,766,1531,57.7476,87.55
modaclase,50.00,0.3750,770,1539,57.7476,87.6072
modaclase,50.00,0.4000,771,1541,57.7476,87.6263
modaclase,50.00,0.4250,785,1569,57.9073,87.817
modaclase,50.00,0.4500,787,1573,57.9073,87.836
modaclase,50.00,0.4750,794,1587,57.9073,87.9123
modaclase,50.00,0.5000,797,1593,57.6677,87.9504
modaclase,52.50,0.0010,43,85,52.476,57.5977
modaclase,52.50,0.0250,264,527,54.0735,70.8675
modaclase,52.50,0.0500,416,831,54.8722,77.2545
modaclase,52.50,0.0750,498,995,54.7923,80.572
modaclase,52.50,0.1000,552,1103,54.9521,82.2688
modaclase,52.50,0.1250,589,1177,55.2716,83.3174
modaclase,52.50,0.1500,632,1263,55.4313,84.5186
modaclase,52.50,0.1750,650,1299,54.9521,84.919
modaclase,52.50,0.2000,672,1343,55.2716,85.3765
modaclase,52.50,0.2250,697,1393,55.7508,85.9104
modaclase,52.50,0.2500,708,1415,55.9904,86.1392
modaclase,52.50,0.2750,719,1437,56.23,86.3489
modaclase,52.50,0.3000,730,1459,56.23,86.5014
modaclase,52.50,0.3250,738,1475,56.3898,86.6349
modaclase,52.50,0.3500,742,1483,56.1502,86.7112
modaclase,52.50,0.3750,749,1497,56.5495,86.7874
modaclase,52.50,0.4000,758,1515,56.7093,86.9018
modaclase,52.50,0.4250,763,1525,56.6294,86.9399
modaclase,52.50,0.4500,765,1529,56.5495,86.959
modaclase,52.50,0.4750,771,1541,56.5495,87.0353
modaclase,52.50,0.5000,780,1559,56.6294,87.1687
modaclase,55.00,0.0010,30,59,49.6805,56.4728
modaclase,55.00,0.0250,287,573,57.0288,73.3079
modaclase,55.00,0.0500,434,867,56.5495,79.123
modaclase,55.00,0.0750,472,943,56.7891,80.6482
modaclase,55.00,0.1000,517,1033,56.7891,81.8875
modaclase,55.00,0.1250,568,1135,56.9489,83.4128
modaclase,55.00,0.1500,594,1187,56.869,84.0991
modaclase,55.00,0.1750,616,1231,56.9489,84.5567
modaclase,55.00,0.2000,657,1313,56.5495,85.4337
modaclase,55.00,0.2250,670,1339,56.4696,85.6435
modaclase,55.00,0.2500,700,1399,56.6294,86.2917
modaclase,55.00,0.2750,721,1441,56.23,86.7684
modaclase,55.00,0.3000,740,1479,55.9904,87.1497
modaclase,55.00,0.3250,740,1479,55.9904,87.1497
modaclase,55.00,0.3500,750,1499,56.0703,87.3403
modaclase,55.00,0.3750,755,1509,56.23,87.4166
modaclase,55.00,0.4000,757,1513,56.23,87.4547
modaclase,55.00,0.4250,770,1539,55.9904,87.6644
modaclase,55.00,0.4500,772,1543,56.0703,87.7026
modaclase,55.00,0.4750,772,1543,56.0703,87.7026
modaclase,55.00,0.5000,773,1545,56.0703,87.7216
modaclase,57.50,0.0010,58,115,52.8754,59.123
modaclase,57.50,0.0250,315,629,56.7093,74.5091
modaclase,57.50,0.0500,446,891,56.7093,79.714
modaclase,57.50,0.0750,486,971,56.6294,80.9533
modaclase,57.50,0.1000,523,1045,56.869,82.1163
modaclase,57.50,0.1250,564,1127,55.9904,83.4509
modaclase,57.50,0.1500,597,1193,56.3099,84.2898
modaclase,57.50,0.1750,614,1227,56.1502,84.6902
modaclase,57.50,0.2000,634,1267,55.9904,85.0906
modaclase,57.50,0.2250,661,1321,55.7508,85.7007
modaclase,57.50,0.2500,670,1339,55.7508,85.8723
modaclase,57.50,0.2750,698,1395,56.0703,86.5014
modaclase,57.50,0.3000,713,1425,56.3898,86.7684
modaclase,57.50,0.3250,721,1441,56.3099,86.8827
modaclase,57.50,0.3500,724,1447,56.3099,86.9209
modaclase,57.50,0.3750,726,1451,56.3099,86.959
modaclase,57.50,0.4000,730,1459,56.3099,87.0162
modaclase,57.50,0.4250,733,1465,56.3099,87.0543
modaclase,57.50,0.4500,735,1469,56.3898,87.0925
modaclase,57.50,0.4750,746,1491,56.3898,87.2259
modaclase,57.50,0.5000,749,1497,56.3898,87.2641
modaclase,60.00,0.0010,28,55,50.4792,56.3775
modaclase,60.00,0.0250,272,543,56.0703,72.1068
modaclase,60.00,0.0500,354,707,56.4696,75.9199
modaclase,60.00,0.0750,440,879,55.7508,78.6654
modaclase,60.00,0.1000,538,1075,55.9904,82.1926
modaclase,60.00,0.1250,578,1155,55.4313,83.3174
modaclase,60.00,0.1500,590,1179,55.6709,83.6034
modaclase,60.00,0.1750,616,1231,55.5112,84.1754
modaclase,60.00,0.2000,641,1281,55.5112,84.6711
modaclase,60.00,0.2250,656,1311,55.7508,84.938
modaclase,60.00,0.2500,689,1377,55.8307,85.6625
modaclase,60.00,0.2750,710,1419,55.5112,86.0629
modaclase,60.00,0.3000,723,1445,55.4313,86.3298
modaclase,60.00,0.3250,739,1477,55.7508,86.654
modaclase,60.00,0.3500,746,1491,55.8307,86.7493
modaclase,60.00,0.3750,747,1493,55.8307,86.7684
modaclase,60.00,0.4000,750,1499,55.9105,86.8065
modaclase,60.00,0.4250,753,1505,55.9904,86.8255
modaclase,60.00,0.4500,761,1521,55.9904,86.959
modaclase,60.00,0.4750,766,1531,55.9904,87.0543
modaclase,60.00,0.5000,771,1541,55.8307,87.1306
modaclase,62.50,0.0010,59,117,52.9553,59.4662
modaclase,62.50,0.0250,277,553,56.4696,72.6025
modaclase,62.50,0.0500,358,715,55.9904,75.7674
modaclase,62.50,0.0750,432,863,56.0703,78.7226
modaclase,62.50,0.1000,487,973,55.1118,80.6864
modaclase,62.50,0.1250,505,1009,54.5527,81.163
modaclase,62.50,0.1500,529,1057,54.7125,81.6587
modaclase,62.50,0.1750,560,1119,55.1917,82.3451
modaclase,62.50,0.2000,601,1201,55.5911,83.1459
modaclase,62.50,0.2250,624,1247,56.3099,83.6225
modaclase,62.50,0.2500,649,1297,56.7093,84.1373
modaclase,62.50,0.2750,675,1349,57.0288,84.652
modaclase,62.50,0.3000,675,1349,57.0288,84.652
modaclase,62.50,0.3250,689,1377,56.869,84.9952
modaclase,62.50,0.3500,694,1387,56.869,85.1096
modaclase,62.50,0.3750,713,1425,56.4696,85.4337
modaclase,62.50,0.4000,721,1441,56.5495,85.5481
modaclase,62.50,0.4250,722,1443,56.5495,85.5672
modaclase,62.50,0.4500,721,1441,56.5495,85.5481
modaclase,62.50,0.4750,725,1449,56.6294,85.6053
modaclase,62.50,0.5000,728,1455,56.6294,85.6435
modaclase,65.00,0.0010,39,77,48.9617,57.1401
modaclase,65.00,0.0250,271,541,53.754,73.4986
modaclase,65.00,0.0500,371,741,54.393,77.5405
modaclase,65.00,0.0750,442,883,54.2332,80.0953
modaclase,65.00,0.1000,507,1013,54.8722,82.2307
modaclase,65.00,0.1250,578,1155,54.6326,84.2135
modaclase,65.00,0.1500,615,1229,54.7125,85.1478
modaclase,65.00,0.1750,633,1265,54.393,85.5481
modaclase,65.00,0.2000,661,1321,54.2332,86.082
modaclase,65.00,0.2250,673,1345,54.2332,86.3108
modaclase,65.00,0.2500,717,1433,54.0735,87.2069
modaclase,65.00,0.2750,727,1453,54.3131,87.3594
modaclase,65.00,0.3000,732,1463,54.393,87.4738
modaclase,65.00,0.3250,742,1483,54.4728,87.7026
modaclase,65.00,0.3500,757,1513,54.6326,88.0076
modaclase,65.00,0.3750,757,1513,54.6326,88.0076
modaclase,65.00,0.4000,764,1527,54.5527,88.0839
modaclase,65.00,0.4250,764,1527,54.5527,88.0839
modaclase,65.00,0.4500,766,1531,54.5527,88.1411
modaclase,65.00,0.4750,766,1531,54.5527,88.1411
modaclase,65.00,0.5000,773,1545,54.6326,88.2173
modaclase,67.50,0.0010,32,63,49.7604,56.7969
modaclase,67.50,0.0250,345,689,56.0703,76.3775
modaclase,67.50,0.0500,403,805,56.3099,78.4938
modaclase,67.50,0.0750,488,975,56.3898,81.3537
modaclase,67.50,0.1000,540,1079,57.5879,83.1459
modaclase,67.50,0.1250,593,1185,57.7476,84.5758
modaclase,67.50,0.1500,647,1293,57.7476,85.9295
modaclase,67.50,0.1750,687,1373,57.8275,86.8446
modaclase,67.50,0.2000,711,1421,58.0671,87.3213
modaclase,67.50,0.2250,725,1449,58.3866,87.5119
modaclase,67.50,0.2500,739,1477,58.4665,87.7407
modaclase,67.50,0.2750,759,1517,58.7859,88.1792
modaclase,67.50,0.3000,767,1533,58.7859,88.3317
modaclase,67.50,0.3250,770,1539,58.7859,88.408
modaclase,67.50,0.3500,774,1547,58.9457,88.4843
modaclase,67.50,0.3750,782,1563,58.9457,88.6368
modaclase,67.50,0.4000,789,1577,59.1054,88.7893
modaclase,67.50,0.4250,794,1587,59.1054,88.8656
modaclase,67.50,0.4500,800,1599,59.1054,88.9609
modaclase,67.50,0.4750,805,1609,58.9457,89.0372
modaclase,67.50,0.5000,812,1623,58.8658,89.1325
modaclase,70.00,0.0010,85,169,53.0351,61.6206
modaclase,70.00,0.0250,294,587,55.2716,73.7274
modaclase,70.00,0.0500,396,791,55.5911,77.9218
modaclase,70.00,0.0750,489,977,56.0703,81.2583
modaclase,70.00,0.1000,521,1041,56.6294,82.1735
modaclase,70.00,0.1250,572,1143,57.1885,83.6225
modaclase,70.00,0.1500,626,1251,57.4281,85.224
modaclase,70.00,0.1750,679,1357,57.3482,86.6158
modaclase,70.00,0.2000,706,1411,57.9073,87.1306
modaclase,70.00,0.2250,731,1461,58.5463,87.5882
modaclase,70.00,0.2500,737,1473,58.6262,87.7216
modaclase,70.00,0.2750,766,1531,58.5463,88.2936
modaclase,70.00,0.3000,769,1537,58.5463,88.3508
modaclase,70.00,0.3250,772,1543,58.3866,88.3889
modaclase,70.00,0.3500,775,1549,58.4665,88.4461
modaclase,70.00,0.3750,775,1549,58.4665,88.4461
modaclase,70.00,0.4000,777,1553,58.3067,88.4652
modaclase,70.00,0.4250,779,1557,58.4665,88.4843
modaclase,70.00,0.4500,782,1563,58.4665,88.5224
modaclase,70.00,0.4750,782,1563,58.4665,88.5224
modaclase,70.00,0.5000,784,1567,58.5463,88.5415
modaclase,72.50,0.0010,45,89,51.5176,58.1888
modaclase,72.50,0.0250,369,737,56.7093,77.3689
modaclase,72.50,0.0500,473,945,57.1885,81.1058
modaclase,72.50,0.0750,522,1043,57.2684,82.6692
modaclase,72.50,0.1000,545,1089,57.3482,83.489
modaclase,72.50,0.1250,578,1155,57.2684,84.4233
modaclase,72.50,0.1500,609,1217,57.1885,85.4909
modaclase,72.50,0.1750,624,1247,57.2684,85.796
modaclase,72.50,0.2000,645,1289,57.5879,86.1773
modaclase,72.50,0.2250,651,1301,57.6677,86.3298
modaclase,72.50,0.2500,673,1345,57.5879,86.7684
modaclase,72.50,0.2750,687,1373,57.5879,87.0353
modaclase,72.50,0.3000,690,1379,57.5879,87.1115
modaclase,72.50,0.3250,702,1403,57.7476,87.3403
modaclase,72.50,0.3500,715,1429,57.5879,87.55
modaclase,72.50,0.3750,716,1431,57.4281,87.5691
modaclase,72.50,0.4000,721,1441,57.7476,87.6454
modaclase,72.50,0.4250,727,1453,57.9872,87.7407
modaclase,72.50,0.4500,735,1469,58.0671,87.8551
modaclase,72.50,0.4750,740,1479,57.9872,87.9123
modaclase,72.50,0.5000,741,1481,58.147,87.9314
modaclase,75.00,0.0010,56,111,51.8371,59.123
modaclase,75.00,0.0250,307,613,56.4696,74.3375
modaclase,75.00,0.0500,400,799,56.3099,78.5129
modaclase,75.00,0.0750,470,939,57.2684,81.0486
modaclase,75.00,0.1000,508,1015,57.0288,82.1354
modaclase,75.00,0.1250,556,1111,57.3482,83.4509
modaclase,75.00,0.1500,587,1173,57.4281,84.1945
modaclase,75.00,0.1750,626,1251,57.2684,85.1478
modaclase,75.00,0.2000,659,1317,57.1086,85.8723
modaclase,75.00,0.2250,689,1377,56.6294,86.5014
modaclase,75.00,0.2500,720,1439,56.4696,87.0925
modaclase,75.00,0.2750,737,1473,56.5495,87.4547
modaclase,75.00,0.3000,753,1505,56.6294,87.7216
modaclase,75.00,0.3250,757,1513,56.6294,87.7788
modaclase,75.00,0.3500,772,1543,56.5495,88.0076
modaclase,75.00,0.3750,773,1545,56.5495,88.0267
modaclase,75.00,0.4000,773,1545,56.5495,88.0267
modaclase,75.00,0.4250,777,1553,56.5495,88.0839
modaclase,75.00,0.4500,781,1561,56.7093,88.122
modaclase,75.00,0.4750,781,1561,56.7093,88.122
modaclase,75.00,0.5000,786,1571,56.3898,88.1983
modaclase,77.50,0.0010,43,85,50.7987,58.0744
modaclase,77.50,0.0250,300,599,55.7508,73.9752
modaclase,77.50,0.0500,423,845,56.3099,78.7226
modaclase,77.50,0.0750,491,981,56.6294,80.858
modaclase,77.50,0.1000,572,1143,56.7093,83.5653
modaclase,77.50,0.1250,602,1203,56.3898,84.2707
modaclase,77.50,0.1500,638,1275,56.6294,85.1668
modaclase,77.50,0.1750,650,1299,56.7891,85.3956
modaclase,77.50,0.2000,692,1383,56.9489,86.2536
modaclase,77.50,0.2250,707,1413,57.2684,86.5396
modaclase,77.50,0.2500,734,1467,57.1086,87.0925
modaclase,77.50,0.2750,750,1499,57.3482,87.3975
modaclase,77.50,0.3000,785,1569,56.7891,88.0839
modaclase,77.50,0.3250,787,1573,56.7891,88.122
modaclase,77.50,0.3500,802,1603,56.6294,88.3508
modaclase,77.50,0.3750,808,1615,56.7093,88.4461
modaclase,77.50,0.4000,809,1617,56.7093,88.4652
modaclase,77.50,0.4250,814,1627,56.7093,88.5415
modaclase,77.50,0.4500,821,1641,56.7093,88.6559
modaclase,77.50,0.4750,821,1641,56.7093,88.6559
modaclase,77.50,0.5000,823,1645,56.7093,88.6749
modaclase,80.00,0.0010,72,143,53.2748,59.9809
modaclase,80.00,0.0250,339,677,54.0735,75.5767
modaclase,80.00,0.0500,468,935,55.3514,80.9724
modaclase,80.00,0.0750,537,1073,55.6709,83.0887
modaclase,80.00,0.1000,549,1097,55.5112,83.3746
modaclase,80.00,0.1250,586,1171,55.3514,84.5758
modaclase,80.00,0.1500,626,1251,55.2716,85.6816
modaclase,80.00,0.1750,672,1343,55.1917,86.7302
modaclase,80.00,0.2000,691,1381,55.5112,87.1115
modaclase,80.00,0.2250,712,1423,55.4313,87.531
modaclase,80.00,0.2500,725,1449,55.6709,87.7598
modaclase,80.00,0.2750,732,1463,55.4313,87.8551
modaclase,80.00,0.3000,752,1503,55.4313,88.2173
modaclase,80.00,0.3250,758,1515,55.5911,88.3317
modaclase,80.00,0.3500,758,1515,55.5911,88.3317
modaclase,80.00,0.3750,759,1517,55.6709,88.3508
modaclase,80.00,0.4000,765,1529,55.7508,88.4461
modaclase,80.00,0.4250,769,1537,55.7508,88.5033
modaclase,80.00,0.4500,776,1551,55.8307,88.5987
modaclase,80.00,0.4750,782,1563,55.9105,88.6749
modaclase,80.00,0.5000,783,1565,55.9904,88.694
modaclase,82.50,0.0010,71,141,52.6358,60.4576
modaclase,82.50,0.0250,359,717,55.9105,76.7207
modaclase,82.50,0.0500,480,959,55.9904,81.8112
modaclase,82.50,0.0750,507,1013,55.7508,82.612
modaclase,82.50,0.1000,522,1043,55.9904,82.9933
modaclase,82.50,0.1250,570,1139,56.5495,84.633
modaclase,82.50,0.1500,599,1197,56.7093,85.3003
modaclase,82.50,0.1750,640,1279,56.7093,86.1773
modaclase,82.50,0.2000,674,1347,56.5495,86.9209
modaclase,82.50,0.2250,725,1449,56.23,87.9314
modaclase,82.50,0.2500,737,1473,56.3898,88.1792
modaclase,82.50,0.2750,756,1511,55.9904,88.5033
modaclase,82.50,0.3000,771,1541,56.1502,88.7893
modaclase,82.50,0.3250,772,1543,56.23,88.8084
modaclase,82.50,0.3500,775,1549,56.1502,88.8847
modaclase,82.50,0.3750,783,1565,55.9105,88.999
modaclase,82.50,0.4000,783,1565,55.9105,88.999
modaclase,82.50,0.4250,789,1577,56.1502,89.0753
modaclase,82.50,0.4500,793,1585,56.23,89.1134
modaclase,82.50,0.4750,793,1585,56.23,89.1134
modaclase,82.50,0.5000,796,1591,56.23,89.1516
modaclase,85.00,0.0010,75,149,53.3546,60.3622
modaclase,85.00,0.0250,343,685,55.2716,75.8246
modaclase,85.00,0.0500,458,915,55.9105,80.3432
modaclase,85.00,0.0750,499,997,55.7508,81.5443
modaclase,85.00,0.1000,582,1163,56.7891,84.3279
modaclase,85.00,0.1250,628,1255,56.1502,85.5863
modaclase,85.00,0.1500,657,1313,56.0703,86.3108
modaclase,85.00,0.1750,679,1357,56.3099,86.7684
modaclase,85.00,0.2000,720,1439,56.869,87.6644
modaclase,85.00,0.2250,751,1501,57.4281,88.3127
modaclase,85.00,0.2500,775,1549,57.4281,88.7893
modaclase,85.00,0.2750,791,1581,57.3482,89.0753
modaclase,85.00,0.3000,794,1587,57.2684,89.1516
modaclase,85.00,0.3250,794,1587,57.2684,89.1516
modaclase,85.00,0.3500,800,1599,57.4281,89.266
modaclase,85.00,0.3750,802,1603,57.4281,89.285
modaclase,85.00,0.4000,802,1603,57.4281,89.285
modaclase,85.00,0.4250,805,1609,57.508,89.3422
modaclase,85.00,0.4500,805,1609,57.508,89.3422
modaclase,85.00,0.4750,805,1609,57.508,89.3422
modaclase,85.00,0.5000,815,1629,57.5879,89.4948
