method,bin,confidence,leaves,treeSize,performanceValidation,performanceTraining
supervisado,1.00,0.0010,54,104,55.7352,58.7726
supervisado,1.00,0.0250,318,626,57.5058,73.9708
supervisado,1.00,0.0500,411,812,57.5058,77.5298
supervisado,1.00,0.0750,550,1090,58.1986,82.7241
supervisado,1.00,0.1000,605,1200,58.1216,84.3017
supervisado,1.00,0.1250,634,1258,58.3526,85.0712
supervisado,1.00,0.1500,643,1276,58.5835,85.2443
supervisado,1.00,0.1750,688,1366,58.8915,86.2447
supervisado,1.00,0.2000,708,1406,59.1994,86.6679
supervisado,1.00,0.2250,758,1506,58.8915,87.6491
supervisado,1.00,0.2500,770,1530,58.8145,87.9184
supervisado,1.00,0.2750,776,1542,58.6605,88.0339
supervisado,1.00,0.3000,781,1552,58.6605,88.1301
supervisado,1.00,0.3250,782,1554,58.5065,88.1685
supervisado,1.00,0.3500,806,1602,58.1216,88.5725
supervisado,1.00,0.3750,807,1604,58.1986,88.5918
supervisado,1.00,0.4000,811,1612,58.1986,88.6495
supervisado,1.00,0.4250,815,1620,58.2756,88.7072
supervisado,1.00,0.4500,818,1626,58.1986,88.7457
supervisado,1.00,0.4750,821,1632,58.1986,88.7841
supervisado,1.00,0.5000,824,1638,58.1986,88.8226
ancho,1.00,0.0010,70,139,53.2717,58.5225
ancho,1.00,0.0250,312,623,54.4265,72.4509
ancho,1.00,0.0500,503,1005,54.4265,80.2232
ancho,1.00,0.0750,598,1195,54.8884,83.4359
ancho,1.00,0.1000,658,1315,55.1193,85.1289
ancho,1.00,0.1250,695,1389,54.7344,86.2447
ancho,1.00,0.1500,730,1459,54.6574,87.1489
ancho,1.00,0.1750,751,1501,54.7344,87.5721
ancho,1.00,0.2000,764,1527,55.0423,87.8415
ancho,1.00,0.2250,802,1603,54.9654,88.6495
ancho,1.00,0.2500,826,1651,55.1963,89.1112
ancho,1.00,0.2750,830,1659,55.5042,89.1881
ancho,1.00,0.3000,836,1671,55.3503,89.3036
ancho,1.00,0.3250,836,1671,55.3503,89.3036
ancho,1.00,0.3500,838,1675,55.3503,89.3421
ancho,1.00,0.3750,842,1683,55.3503,89.3998
ancho,1.00,0.4000,842,1683,55.3503,89.3998
ancho,1.00,0.4250,846,1691,55.2733,89.4575
ancho,1.00,0.4500,850,1699,55.4273,89.5152
ancho,1.00,0.4750,850,1699,55.4273,89.5152
ancho,1.00,0.5000,850,1699,55.4273,89.5152
ancho,2.00,0.0010,45,89,55.4273,57.5798
ancho,2.00,0.0250,361,721,56.1201,75.1443
ancho,2.00,0.0500,522,1043,57.8137,81.7815
ancho,2.00,0.0750,575,1149,57.5828,83.2436
ancho,2.00,0.1000,635,1269,57.2748,85.1097
ancho,2.00,0.1250,664,1327,57.1209,85.783
ancho,2.00,0.1500,687,1373,56.736,86.2447
ancho,2.00,0.1750,728,1455,56.736,87.1297
ancho,2.00,0.2000,756,1511,56.351,87.6876
ancho,2.00,0.2250,778,1555,55.8891,88.1685
ancho,2.00,0.2500,813,1625,55.6582,88.8611
ancho,2.00,0.2750,832,1663,55.1963,89.2266
ancho,2.00,0.3000,833,1665,55.1963,89.2459
ancho,2.00,0.3250,833,1665,55.1963,89.2459
ancho,2.00,0.3500,840,1679,55.1963,89.3613
ancho,2.00,0.3750,840,1679,55.1963,89.3613
ancho,2.00,0.4000,842,1683,55.1193,89.3998
ancho,2.00,0.4250,845,1689,55.1193,89.4382
ancho,2.00,0.4500,855,1709,55.1963,89.5729
ancho,2.00,0.4750,868,1735,55.3503,89.7268
ancho,2.00,0.5000,871,1741,55.3503,89.7653
ancho,3.00,0.0010,25,48,54.6574,55.9254
ancho,3.00,0.0250,368,724,56.8129,74.875
ancho,3.00,0.0500,501,984,57.6597,80.4733
ancho,3.00,0.0750,576,1129,57.8907,82.8011
ancho,3.00,0.1000,642,1258,57.8907,84.6095
ancho,3.00,0.1250,701,1371,57.8137,86.2832
ancho,3.00,0.1500,728,1424,58.1986,86.8796
ancho,3.00,0.1750,754,1475,58.5835,87.4182
ancho,3.00,0.2000,787,1540,58.8145,88.1108
ancho,3.00,0.2250,852,1666,58.2756,89.3421
ancho,3.00,0.2500,888,1736,58.4296,89.9962
ancho,3.00,0.2750,897,1754,58.5065,90.1885
ancho,3.00,0.3000,900,1760,58.7375,90.2462
ancho,3.00,0.3250,904,1767,58.8915,90.304
ancho,3.00,0.3500,904,1767,58.8915,90.304
ancho,3.00,0.3750,911,1779,58.8915,90.4002
ancho,3.00,0.4000,915,1786,58.8915,90.4386
ancho,3.00,0.4250,920,1795,58.8915,90.4963
ancho,3.00,0.4500,931,1816,58.8915,90.631
ancho,3.00,0.4750,935,1823,58.8915,90.6695
ancho,3.00,0.5000,935,1823,58.8915,90.6695
ancho,4.00,0.0010,34,63,54.9654,56.0023
ancho,4.00,0.0250,218,417,57.3518,67.5067
ancho,4.00,0.0500,378,725,57.4288,74.5864
ancho,4.00,0.0750,551,1053,56.8899,80.4155
ancho,4.00,0.1000,680,1301,57.1978,84.5325
ancho,4.00,0.1250,694,1327,57.5058,84.898
ancho,4.00,0.1500,729,1397,57.8137,85.8022
ancho,4.00,0.1750,768,1467,58.4296,86.5333
ancho,4.00,0.2000,817,1559,58.0446,87.4182
ancho,4.00,0.2250,838,1599,58.0446,87.7838
ancho,4.00,0.2500,857,1635,57.8137,88.1493
ancho,4.00,0.2750,877,1671,57.5058,88.4763
ancho,4.00,0.3000,884,1685,57.5058,88.5918
ancho,4.00,0.3250,885,1687,57.5058,88.611
ancho,4.00,0.3500,888,1691,57.5058,88.6302
ancho,4.00,0.3750,893,1701,57.3518,88.7072
ancho,4.00,0.4000,902,1715,57.3518,88.8226
ancho,4.00,0.4250,905,1721,57.3518,88.8611
ancho,4.00,0.4500,905,1721,57.3518,88.8611
ancho,4.00,0.4750,913,1737,57.1209,88.9573
ancho,4.00,0.5000,917,1743,57.1209,88.9958
ancho,5.00,0.0010,18,32,53.8876,55.1751
ancho,5.00,0.0250,309,581,55.4273,71.2197
ancho,5.00,0.0500,518,966,56.8129,79.3959
ancho,5.00,0.0750,585,1091,56.9669,81.6275
ancho,5.00,0.1000,631,1177,57.8907,82.9165
ancho,5.00,0.1250,692,1296,58.1986,84.5325
ancho,5.00,0.1500,732,1376,58.0446,85.6098
ancho,5.00,0.1750,765,1436,57.3518,86.3024
ancho,5.00,0.2000,806,1515,56.736,87.0912
ancho,5.00,0.2250,835,1573,56.505,87.6491
ancho,5.00,0.2500,862,1618,56.428,88.0146
ancho,5.00,0.2750,876,1643,56.1201,88.2455
ancho,5.00,0.3000,876,1643,56.1201,88.2455
ancho,5.00,0.3250,891,1670,56.351,88.4763
ancho,5.00,0.3500,898,1681,56.351,88.5533
ancho,5.00,0.3750,898,1681,56.351,88.5533
ancho,5.00,0.4000,902,1686,56.351,88.5918
ancho,5.00,0.4250,913,1702,56.505,88.688
ancho,5.00,0.4500,919,1714,56.428,88.7649
ancho,5.00,0.4750,922,1720,56.428,88.8034
ancho,5.00,0.5000,928,1729,56.428,88.8611
ancho,6.00,0.0010,32,59,56.1971,57.0027
ancho,6.00,0.0250,266,483,57.5828,69.2959
ancho,6.00,0.0500,424,771,57.9677,75.3367
ancho,6.00,0.0750,581,1065,57.9677,80.9927
ancho,6.00,0.1000,658,1207,57.6597,83.1089
ancho,6.00,0.1250,720,1307,57.4288,84.3786
ancho,6.00,0.1500,761,1385,57.1209,85.2636
ancho,6.00,0.1750,819,1485,57.5828,86.3409
ancho,6.00,0.2000,842,1535,57.5828,86.918
ancho,6.00,0.2250,852,1555,57.6597,87.1104
ancho,6.00,0.2500,907,1653,58.1986,88.0146
ancho,6.00,0.2750,920,1675,58.4296,88.1878
ancho,6.00,0.3000,940,1707,58.2756,88.4956
ancho,6.00,0.3250,942,1711,58.2756,88.5341
ancho,6.00,0.3500,948,1723,58.4296,88.6687
ancho,6.00,0.3750,955,1733,58.5065,88.7457
ancho,6.00,0.4000,963,1745,58.5835,88.7841
ancho,6.00,0.4250,972,1759,58.5835,88.8611
ancho,6.00,0.4500,972,1759,58.5835,88.8611
ancho,6.00,0.4750,972,1759,58.5835,88.8611
ancho,6.00,0.5000,979,1769,58.5065,88.8996
ancho,7.00,0.0010,29,52,53.1178,55.8099
ancho,7.00,0.0250,341,626,58.2756,72.9704
ancho,7.00,0.0500,500,914,57.8907,78.0492
ancho,7.00,0.0750,569,1027,56.9669,79.5498
ancho,7.00,0.1000,601,1081,56.1971,80.2424
ancho,7.00,0.1250,721,1301,56.582,84.09
ancho,7.00,0.1500,798,1435,56.659,85.9946
ancho,7.00,0.1750,858,1540,55.5812,87.0912
ancho,7.00,0.2000,896,1606,56.0431,87.7068
ancho,7.00,0.2250,920,1649,56.1201,88.0916
ancho,7.00,0.2500,958,1720,56.1971,88.7264
ancho,7.00,0.2750,964,1732,56.428,88.8419
ancho,7.00,0.3000,965,1734,56.428,88.8611
ancho,7.00,0.3250,974,1747,56.428,88.9573
ancho,7.00,0.3500,993,1775,56.2741,89.1881
ancho,7.00,0.3750,1006,1796,56.428,89.3421
ancho,7.00,0.4000,1020,1814,56.428,89.4575
ancho,7.00,0.4250,1020,1814,56.428,89.4575
ancho,7.00,0.4500,1020,1814,56.428,89.4575
ancho,7.00,0.4750,1026,1821,56.351,89.496
ancho,7.00,0.5000,1026,1821,56.351,89.496
ancho,8.00,0.0010,47,87,55.7352,57.3105
ancho,8.00,0.0250,344,627,56.0431,71.7199
ancho,8.00,0.0500,537,965,57.1209,78.6456
ancho,8.00,0.0750,631,1123,57.2748,81.2043
ancho,8.00,0.1000,681,1211,56.582,82.3971
ancho,8.00,0.1250,717,1271,57.1978,83.1281
ancho,8.00,0.1500,769,1363,56.428,84.3786
ancho,8.00,0.1750,878,1545,56.0431,86.4756
ancho,8.00,0.2000,915,1607,56.351,86.995
ancho,8.00,0.2250,950,1671,56.428,87.5914
ancho,8.00,0.2500,970,1705,56.659,87.8992
ancho,8.00,0.2750,981,1721,56.1971,88.0339
ancho,8.00,0.3000,985,1729,56.1971,88.1108
ancho,8.00,0.3250,985,1729,56.1971,88.1108
ancho,8.00,0.3500,985,1729,56.1971,88.1108
ancho,8.00,0.3750,994,1741,56.1971,88.1878
ancho,8.00,0.4000,1004,1755,56.1971,88.2647
ancho,8.00,0.4250,1014,1769,56.2741,88.3417
ancho,8.00,0.4500,1014,1769,56.2741,88.3417
ancho,8.00,0.4750,1063,1837,55.8122,88.7457
ancho,8.00,0.5000,1077,1859,55.6582,88.8803
ancho,9.00,0.0010,26,44,54.7344,55.9831
ancho,9.00,0.0250,258,466,55.6582,68.4879
ancho,9.00,0.0500,477,841,56.505,76.6449
ancho,9.00,0.0750,592,1029,56.505,79.4344
ancho,9.00,0.1000,642,1101,56.8129,80.127
ancho,9.00,0.1250,708,1212,57.5058,81.5506
ancho,9.00,0.1500,791,1343,57.0439,83.3205
ancho,9.00,0.1750,882,1504,57.1209,85.3405
ancho,9.00,0.2000,942,1596,57.4288,86.11
ancho,9.00,0.2250,979,1656,57.1978,86.7257
ancho,9.00,0.2500,1033,1750,57.0439,87.6299
ancho,9.00,0.2750,1058,1793,56.8129,88.0146
ancho,9.00,0.3000,1086,1835,56.8129,88.3801
ancho,9.00,0.3250,1089,1841,57.0439,88.4379
ancho,9.00,0.3500,1119,1887,56.736,88.7841
ancho,9.00,0.3750,1141,1917,56.428,88.9958
ancho,9.00,0.4000,1141,1917,56.428,88.9958
ancho,9.00,0.4250,1153,1934,56.351,89.092
ancho,9.00,0.4500,1161,1943,56.428,89.1304
ancho,9.00,0.4750,1164,1949,56.428,89.1689
ancho,9.00,0.5000,1184,1975,56.351,89.3228
ancho,10.00,0.0010,33,57,52.271,55.1751
ancho,10.00,0.0250,340,583,55.5812,69.7576
ancho,10.00,0.0500,552,959,55.5042,77.5875
ancho,10.00,0.0750,663,1157,56.1201,81.1081
ancho,10.00,0.1000,734,1267,56.2741,82.8011
ancho,10.00,0.1250,772,1343,55.7352,83.8015
ancho,10.00,0.1500,818,1427,56.351,84.7057
ancho,10.00,0.1750,882,1531,55.6582,85.9369
ancho,10.00,0.2000,947,1637,56.351,86.918
ancho,10.00,0.2250,961,1665,56.1971,87.1874
ancho,10.00,0.2500,971,1685,56.351,87.3798
ancho,10.00,0.2750,981,1705,56.0431,87.5914
ancho,10.00,0.3000,1014,1747,55.8891,87.9184
ancho,10.00,0.3250,1026,1763,55.8891,88.0146
ancho,10.00,0.3500,1045,1785,55.8122,88.1493
ancho,10.00,0.3750,1077,1825,55.7352,88.4379
ancho,10.00,0.4000,1098,1859,55.6582,88.6495
ancho,10.00,0.4250,1101,1865,55.6582,88.688
ancho,10.00,0.4500,1110,1875,55.8122,88.7264
ancho,10.00,0.4750,1124,1895,55.7352,88.8034
ancho,10.00,0.5000,1147,1925,55.5812,88.9765
ancho,11.00,0.0010,20,30,52.9638,54.1362
ancho,11.00,0.0250,343,577,56.1201,70.4309
ancho,11.00,0.0500,468,791,55.8122,74.1439
ancho,11.00,0.0750,740,1209,56.428,81.4929
ancho,11.00,0.1000,838,1369,57.1978,83.9169
ancho,11.00,0.1250,892,1450,57.0439,84.8403
ancho,11.00,0.1500,940,1537,56.9669,85.9754
ancho,11.00,0.1750,959,1566,56.8899,86.2639
ancho,11.00,0.2000,970,1588,56.736,86.4756
ancho,11.00,0.2250,1057,1726,57.3518,87.7453
ancho,11.00,0.2500,1071,1754,57.2748,88.0146
ancho,11.00,0.2750,1090,1783,57.6597,88.2647
ancho,11.00,0.3000,1104,1802,57.5828,88.4186
ancho,11.00,0.3250,1124,1824,57.5828,88.5533
ancho,11.00,0.3500,1151,1860,57.6597,88.7649
ancho,11.00,0.3750,1151,1860,57.6597,88.7649
ancho,11.00,0.4000,1175,1890,57.6597,88.9381
ancho,11.00,0.4250,1175,1890,57.6597,88.9381
ancho,11.00,0.4500,1199,1920,57.8137,89.092
ancho,11.00,0.4750,1232,1959,57.8137,89.2651
ancho,11.00,0.5000,1249,1984,57.8907,89.3998
ancho,12.00,0.0010,24,37,54.5035,55.5983
ancho,12.00,0.0250,220,369,55.0423,65.102
ancho,12.00,0.0500,446,751,54.5035,74.0092
ancho,12.00,0.0750,589,987,54.8884,77.7992
ancho,12.00,0.1000,722,1203,54.7344,80.6656
ancho,12.00,0.1250,850,1409,55.5042,83.686
ancho,12.00,0.1500,923,1525,55.3503,85.1674
ancho,12.00,0.1750,952,1573,55.5042,85.6291
ancho,12.00,0.2000,1034,1697,55.5042,86.8988
ancho,12.00,0.2250,1059,1747,55.5042,87.3798
ancho,12.00,0.2500,1135,1859,55.6582,88.3224
ancho,12.00,0.2750,1147,1873,55.7352,88.4186
ancho,12.00,0.3000,1167,1903,55.5812,88.6687
ancho,12.00,0.3250,1169,1907,55.5042,88.7072
ancho,12.00,0.3500,1184,1927,55.4273,88.8034
ancho,12.00,0.3750,1201,1951,55.4273,88.9765
ancho,12.00,0.4000,1212,1963,55.5042,89.015
ancho,12.00,0.4250,1212,1963,55.5042,89.015
ancho,12.00,0.4500,1225,1979,55.4273,89.092
ancho,12.00,0.4750,1228,1985,55.4273,89.1304
ancho,12.00,0.5000,1268,2035,55.5812,89.3998
ancho,13.00,0.0010,25,38,52.348,54.4825
ancho,13.00,0.0250,286,483,54.8114,67.8145
ancho,13.00,0.0500,445,735,57.5828,73.586
ancho,13.00,0.0750,645,1036,57.9677,78.4148
ancho,13.00,0.1000,714,1152,58.0446,80.2616
ancho,13.00,0.1250,823,1337,58.8915,82.8203
ancho,13.00,0.1500,926,1499,59.1224,84.8018
ancho,13.00,0.1750,986,1597,59.0454,85.8215
ancho,13.00,0.2000,1049,1690,59.4303,86.6102
ancho,13.00,0.2250,1080,1752,59.5843,87.2451
ancho,13.00,0.2500,1109,1799,59.6613,87.6299
ancho,13.00,0.2750,1125,1820,59.7383,87.7645
ancho,13.00,0.3000,1169,1886,59.5843,88.3609
ancho,13.00,0.3250,1183,1903,59.5073,88.4763
ancho,13.00,0.3500,1208,1931,59.3533,88.5725
ancho,13.00,0.3750,1236,1965,59.1224,88.7649
ancho,13.00,0.4000,1236,1965,59.1224,88.7649
ancho,13.00,0.4250,1284,2028,58.8145,89.1112
ancho,13.00,0.4500,1305,2059,58.6605,89.2843
ancho,13.00,0.4750,1331,2089,58.7375,89.3805
ancho,13.00,0.5000,1345,2106,58.6605,89.4575
ancho,14.00,0.0010,30,47,52.271,54.5402
ancho,14.00,0.0250,271,433,55.1963,64.7172
ancho,14.00,0.0500,414,671,54.7344,69.6614
ancho,14.00,0.0750,716,1131,55.1193,77.9146
ancho,14.00,0.1000,920,1467,55.7352,83.2628
ancho,14.00,0.1250,978,1547,55.9661,84.1285
ancho,14.00,0.1500,1005,1589,55.9661,84.571
ancho,14.00,0.1750,1019,1617,55.9661,84.8596
ancho,14.00,0.2000,1136,1803,56.1971,87.0335
ancho,14.00,0.2250,1166,1851,56.582,87.4567
ancho,14.00,0.2500,1191,1889,56.505,87.7645
ancho,14.00,0.2750,1225,1933,56.582,88.1493
ancho,14.00,0.3000,1231,1945,56.659,88.2647
ancho,14.00,0.3250,1286,2007,56.736,88.5341
ancho,14.00,0.3500,1301,2025,56.736,88.6302
ancho,14.00,0.3750,1316,2043,56.736,88.7457
ancho,14.00,0.4000,1320,2051,56.659,88.8034
ancho,14.00,0.4250,1333,2065,56.659,88.8611
ancho,14.00,0.4500,1349,2085,56.736,88.9765
ancho,14.00,0.4750,1365,2105,56.8899,89.092
ancho,14.00,0.5000,1365,2105,56.8899,89.092
ancho,15.00,0.0010,43,72,52.7329,56.464
ancho,15.00,0.0250,231,383,53.5027,65.0635
ancho,15.00,0.0500,469,729,55.1963,71.4506
ancho,15.00,0.0750,630,973,56.1201,75.5675
ancho,15.00,0.1000,804,1230,55.8891,79.242
ancho,15.00,0.1250,887,1344,56.736,80.7234
ancho,15.00,0.1500,984,1499,57.1978,82.9742
ancho,15.00,0.1750,1118,1689,56.736,84.9558
ancho,15.00,0.2000,1167,1761,56.659,85.6676
ancho,15.00,0.2250,1182,1791,56.659,85.9561
ancho,15.00,0.2500,1208,1830,56.9669,86.2639
ancho,15.00,0.2750,1253,1894,56.8129,86.8796
ancho,15.00,0.3000,1304,1957,56.659,87.2836
ancho,15.00,0.3250,1328,1992,56.659,87.5529
ancho,15.00,0.3500,1336,2008,56.659,87.6876
ancho,15.00,0.3750,1385,2067,56.2741,88.0339
ancho,15.00,0.4000,1387,2071,56.428,88.0723
ancho,15.00,0.4250,1440,2138,56.351,88.4956
ancho,15.00,0.4500,1474,2180,56.1971,88.7264
ancho,15.00,0.4750,1503,2212,56.1971,88.8419
ancho,15.00,0.5000,1536,2252,56.351,89.015
ancho,16.00,0.0010,38,61,52.4249,55.0789
ancho,16.00,0.0250,192,313,54.1186,62.5625
ancho,16.00,0.0500,438,707,56.659,71.0273
ancho,16.00,0.0750,514,831,56.428,73.182
ancho,16.00,0.1000,844,1295,57.1978,79.9346
ancho,16.00,0.1250,920,1405,56.8899,81.2428
ancho,16.00,0.1500,925,1415,56.8129,81.3582
ancho,16.00,0.1750,1025,1573,57.5058,83.4744
ancho,16.00,0.2000,1117,1715,56.9669,84.9558
ancho,16.00,0.2250,1176,1805,56.8129,85.8215
ancho,16.00,0.2500,1229,1883,56.659,86.5525
ancho,16.00,0.2750,1277,1951,56.736,87.1104
ancho,16.00,0.3000,1294,1971,56.8129,87.2066
ancho,16.00,0.3250,1347,2035,56.736,87.6299
ancho,16.00,0.3500,1347,2035,56.736,87.6299
ancho,16.00,0.3750,1386,2085,56.736,87.9377
ancho,16.00,0.4000,1457,2171,56.736,88.3994
ancho,16.00,0.4250,1461,2179,56.8129,88.4571
ancho,16.00,0.4500,1461,2179,56.8129,88.4571
ancho,16.00,0.4750,1467,2191,56.9669,88.5341
ancho,16.00,0.5000,1500,2229,56.9669,88.688
ancho,17.00,0.0010,37,58,52.4249,55.0019
ancho,17.00,0.0250,234,377,53.4257,63.6591
ancho,17.00,0.0500,380,624,54.2725,69.1805
ancho,17.00,0.0750,561,896,55.4273,74.0862
ancho,17.00,0.1000,854,1317,56.659,80.2232
ancho,17.00,0.1250,912,1403,57.1209,81.5121
ancho,17.00,0.1500,1011,1541,57.3518,83.2436
ancho,17.00,0.1750,1161,1751,57.8137,85.5521
ancho,17.00,0.2000,1191,1811,58.0446,86.1485
ancho,17.00,0.2250,1265,1914,57.8907,87.0527
ancho,17.00,0.2500,1277,1938,57.8137,87.2836
ancho,17.00,0.2750,1284,1952,57.7367,87.4182
ancho,17.00,0.3000,1303,1975,57.7367,87.5337
ancho,17.00,0.3250,1355,2034,57.6597,87.8607
ancho,17.00,0.3500,1400,2094,57.1209,88.3417
ancho,17.00,0.3750,1418,2115,57.0439,88.4186
ancho,17.00,0.4000,1437,2138,56.8899,88.5533
ancho,17.00,0.4250,1453,2155,56.8899,88.611
ancho,17.00,0.4500,1472,2178,56.8899,88.688
ancho,17.00,0.4750,1488,2195,56.8899,88.7457
ancho,17.00,0.5000,1508,2220,56.8899,88.8803
ancho,18.00,0.0010,28,39,51.8091,54.0593
ancho,18.00,0.0250,188,295,53.7336,61.4275
ancho,18.00,0.0500,399,637,54.5804,68.5264
ancho,18.00,0.0750,582,923,55.1193,74.2786
ancho,18.00,0.1000,775,1229,55.7352,79.646
ancho,18.00,0.1250,866,1363,56.0431,81.5698
ancho,18.00,0.1500,878,1387,56.1201,81.7622
ancho,18.00,0.1750,931,1461,56.582,82.4933
ancho,18.00,0.2000,1007,1565,56.8129,83.4552
ancho,18.00,0.2250,1108,1703,56.8129,84.6479
ancho,18.00,0.2500,1172,1799,56.505,85.5137
ancho,18.00,0.2750,1193,1825,56.582,85.6868
ancho,18.00,0.3000,1242,1891,56.0431,86.1485
ancho,18.00,0.3250,1306,1971,55.6582,86.6872
ancho,18.00,0.3500,1324,1991,55.6582,86.7834
ancho,18.00,0.3750,1346,2019,55.7352,87.0335
ancho,18.00,0.4000,1365,2041,55.7352,87.1681
ancho,18.00,0.4250,1365,2041,55.7352,87.1681
ancho,18.00,0.4500,1400,2079,55.5812,87.3028
ancho,18.00,0.4750,1402,2083,55.5812,87.3413
ancho,18.00,0.5000,1438,2123,55.5812,87.5144
ancho,19.00,0.0010,40,62,52.8868,55.2135
ancho,19.00,0.0250,133,214,53.4257,60.0808
ancho,19.00,0.0500,339,507,54.5804,65.6599
ancho,19.00,0.0750,623,956,55.0423,74.4132
ancho,19.00,0.1000,693,1062,54.8884,76.1831
ancho,19.00,0.1250,728,1115,54.8884,76.9527
ancho,19.00,0.1500,991,1471,55.7352,81.2043
ancho,19.00,0.1750,1142,1688,55.9661,83.3975
ancho,19.00,0.2000,1238,1829,56.659,84.9173
ancho,19.00,0.2250,1258,1869,56.582,85.302
ancho,19.00,0.2500,1309,1937,56.736,85.8022
ancho,19.00,0.2750,1363,2011,56.659,86.3409
ancho,19.00,0.3000,1427,2088,56.8129,86.7449
ancho,19.00,0.3250,1508,2182,56.8899,87.1874
ancho,19.00,0.3500,1533,2215,56.9669,87.4375
ancho,19.00,0.3750,1574,2263,56.736,87.6876
ancho,19.00,0.4000,1599,2296,56.8899,87.9184
ancho,19.00,0.4250,1599,2296,56.8899,87.9184
ancho,19.00,0.4500,1602,2302,56.736,87.9569
ancho,19.00,0.4750,1603,2304,56.8129,87.9569
ancho,19.00,0.5000,1628,2337,56.659,88.1301
ancho,20.00,0.0010,39,59,51.963,55.5021
ancho,20.00,0.0250,218,327,53.5797,62.7164
ancho,20.00,0.0500,352,523,55.0423,66.9104
ancho,20.00,0.0750,704,1011,55.9661,74.5864
ancho,20.00,0.1000,771,1109,55.7352,76.0485
ancho,20.00,0.1250,979,1417,55.6582,80.3194
ancho,20.00,0.1500,1087,1579,56.1201,82.551
ancho,20.00,0.1750,1081,1585,56.428,82.7626
ancho,20.00,0.2000,1159,1705,56.505,83.8977
ancho,20.00,0.2250,1301,1899,56.582,85.7638
ancho,20.00,0.2500,1327,1933,56.351,85.9754
ancho,20.00,0.2750,1387,2017,56.0431,86.7641
ancho,20.00,0.3000,1415,2055,56.505,87.072
ancho,20.00,0.3250,1439,2085,56.428,87.2643
ancho,20.00,0.3500,1483,2137,56.582,87.6299
ancho,20.00,0.3750,1522,2179,56.428,87.88
ancho,20.00,0.4000,1522,2179,56.428,87.88
ancho,20.00,0.4250,1542,2201,56.351,87.9954
ancho,20.00,0.4500,1563,2225,56.351,88.0916
ancho,20.00,0.4750,1606,2275,56.428,88.3417
ancho,20.00,0.5000,1606,2275,56.428,88.3417
frecuencia,1.00,0.0010,70,139,53.2717,58.5225
frecuencia,1.00,0.0250,312,623,54.4265,72.4509
frecuencia,1.00,0.0500,503,1005,54.4265,80.2232
frecuencia,1.00,0.0750,598,1195,54.8884,83.4359
frecuencia,1.00,0.1000,658,1315,55.1193,85.1289
frecuencia,1.00,0.1250,695,1389,54.7344,86.2447
frecuencia,1.00,0.1500,730,1459,54.6574,87.1489
frecuencia,1.00,0.1750,751,1501,54.7344,87.5721
frecuencia,1.00,0.2000,764,1527,55.0423,87.8415
frecuencia,1.00,0.2250,802,1603,54.9654,88.6495
frecuencia,1.00,0.2500,826,1651,55.1963,89.1112
frecuencia,1.00,0.2750,830,1659,55.5042,89.1881
frecuencia,1.00,0.3000,836,1671,55.3503,89.3036
frecuencia,1.00,0.3250,836,1671,55.3503,89.3036
frecuencia,1.00,0.3500,838,1675,55.3503,89.3421
frecuencia,1.00,0.3750,842,1683,55.3503,89.3998
frecuencia,1.00,0.4000,842,1683,55.3503,89.3998
frecuencia,1.00,0.4250,846,1691,55.2733,89.4575
frecuencia,1.00,0.4500,850,1699,55.4273,89.5152
frecuencia,1.00,0.4750,850,1699,55.4273,89.5152
frecuencia,1.00,0.5000,850,1699,55.4273,89.5152
frecuencia,2.00,0.0010,19,37,53.2717,54.9827
frecuencia,2.00,0.0250,299,597,58.0446,73.3551
frecuencia,2.00,0.0500,492,983,58.8145,80.6464
frecuencia,2.00,0.0750,537,1073,59.0454,82.07
frecuencia,2.00,0.1000,620,1239,58.2756,84.9173
frecuencia,2.00,0.1250,649,1297,58.5065,85.7253
frecuencia,2.00,0.1500,693,1385,58.9684,86.8026
frecuencia,2.00,0.1750,708,1415,58.8915,87.1297
frecuencia,2.00,0.2000,739,1477,59.0454,87.803
frecuencia,2.00,0.2250,766,1531,59.5073,88.3417
frecuencia,2.00,0.2500,794,1587,59.8152,88.8803
frecuencia,2.00,0.2750,813,1625,59.2764,89.2459
frecuencia,2.00,0.3000,813,1625,59.2764,89.2459
frecuencia,2.00,0.3250,832,1663,58.8915,89.5922
frecuencia,2.00,0.3500,833,1665,58.8915,89.6114
frecuencia,2.00,0.3750,836,1671,58.8915,89.6499
frecuencia,2.00,0.4000,836,1671,58.8915,89.6499
frecuencia,2.00,0.4250,843,1685,58.8915,89.7461
frecuencia,2.00,0.4500,846,1691,58.7375,89.7845
frecuencia,2.00,0.4750,846,1691,58.7375,89.7845
frecuencia,2.00,0.5000,852,1703,58.7375,89.8615
frecuencia,3.00,0.0010,33,63,54.5035,55.5791
frecuencia,3.00,0.0250,338,661,57.3518,74.1054
frecuencia,3.00,0.0500,415,811,56.8899,76.9719
frecuencia,3.00,0.0750,513,1003,55.9661,80.7811
frecuencia,3.00,0.1000,624,1219,56.505,84.6095
frecuencia,3.00,0.1250,642,1253,56.428,85.0327
frecuencia,3.00,0.1500,686,1337,56.428,86.1485
frecuencia,3.00,0.1750,697,1359,56.582,86.3601
frecuencia,3.00,0.2000,772,1503,56.582,87.9377
frecuencia,3.00,0.2250,804,1563,56.8899,88.5341
frecuencia,3.00,0.2500,823,1600,56.582,88.8996
frecuencia,3.00,0.2750,837,1627,56.505,89.1881
frecuencia,3.00,0.3000,846,1644,56.736,89.3613
frecuencia,3.00,0.3250,854,1659,56.582,89.4767
frecuencia,3.00,0.3500,864,1678,56.8129,89.6499
frecuencia,3.00,0.3750,864,1678,56.8129,89.6499
frecuencia,3.00,0.4000,876,1700,56.736,89.823
frecuencia,3.00,0.4250,883,1713,56.659,89.9192
frecuencia,3.00,0.4500,886,1719,56.582,89.9577
frecuencia,3.00,0.4750,895,1735,56.659,90.0731
frecuencia,3.00,0.5000,898,1740,56.659,90.1116
frecuencia,4.00,0.0010,12,21,53.5797,54.6556
frecuencia,4.00,0.0250,297,573,55.6582,71.7776
frecuencia,4.00,0.0500,492,939,56.736,79.8961
frecuencia,4.00,0.0750,580,1097,56.428,82.5125
frecuencia,4.00,0.1000,631,1187,56.1971,83.8399
frecuencia,4.00,0.1250,643,1211,55.7352,84.1862
frecuencia,4.00,0.1500,718,1345,55.3503,86.0523
frecuencia,4.00,0.1750,743,1391,55.4273,86.5525
frecuencia,4.00,0.2000,764,1429,55.5042,86.9373
frecuencia,4.00,0.2250,781,1463,55.7352,87.2643
frecuencia,4.00,0.2500,826,1543,55.8122,88.0916
frecuencia,4.00,0.2750,829,1549,55.8122,88.1493
frecuencia,4.00,0.3000,838,1565,55.5812,88.3032
frecuencia,4.00,0.3250,844,1575,55.8891,88.3994
frecuencia,4.00,0.3500,858,1599,55.8891,88.6302
frecuencia,4.00,0.3750,863,1607,55.8122,88.688
frecuencia,4.00,0.4000,868,1615,55.7352,88.7457
frecuencia,4.00,0.4250,876,1629,55.7352,88.8611
frecuencia,4.00,0.4500,886,1645,55.8122,88.9958
frecuencia,4.00,0.4750,895,1661,55.7352,89.1112
frecuencia,4.00,0.5000,900,1669,55.7352,89.1689
frecuencia,5.00,0.0010,9,14,53.8106,54.5402
frecuencia,5.00,0.0250,239,447,56.0431,68.8534
frecuencia,5.00,0.0500,344,645,57.1978,73.3744
frecuencia,5.00,0.0750,462,863,56.736,77.5491
frecuencia,5.00,0.1000,565,1051,56.659,80.531
frecuencia,5.00,0.1250,620,1152,57.2748,82.2432
frecuencia,5.00,0.1500,641,1188,57.2748,82.7049
frecuencia,5.00,0.1750,725,1341,57.0439,84.8018
frecuencia,5.00,0.2000,792,1454,57.5828,86.0523
frecuencia,5.00,0.2250,840,1538,57.5058,86.9758
frecuencia,5.00,0.2500,872,1593,57.7367,87.5914
frecuencia,5.00,0.2750,884,1620,57.8137,87.8607
frecuencia,5.00,0.3000,897,1643,57.7367,88.0916
frecuencia,5.00,0.3250,900,1649,57.5058,88.1493
frecuencia,5.00,0.3500,919,1678,57.5058,88.4763
frecuencia,5.00,0.3750,935,1701,57.7367,88.688
frecuencia,5.00,0.4000,942,1712,57.6597,88.7841
frecuencia,5.00,0.4250,942,1712,57.6597,88.7841
frecuencia,5.00,0.4500,948,1721,57.8137,88.8611
frecuencia,5.00,0.4750,957,1736,57.7367,88.9765
frecuencia,5.00,0.5000,972,1760,57.5828,89.1497
frecuencia,6.00,0.0010,13,21,53.5797,55.1558
frecuencia,6.00,0.0250,254,467,55.9661,68.8919
frecuencia,6.00,0.0500,406,747,57.1978,74.9519
frecuencia,6.00,0.0750,537,981,57.7367,79.7037
frecuencia,6.00,0.1000,587,1073,58.1986,81.2043
frecuencia,6.00,0.1250,629,1141,58.3526,82.1277
frecuencia,6.00,0.1500,694,1255,57.8907,83.6476
frecuencia,6.00,0.1750,735,1325,57.9677,84.5902
frecuencia,6.00,0.2000,772,1391,57.7367,85.2828
frecuencia,6.00,0.2250,815,1461,57.7367,85.9561
frecuencia,6.00,0.2500,870,1555,57.6597,87.0527
frecuencia,6.00,0.2750,890,1587,57.8907,87.399
frecuencia,6.00,0.3000,937,1661,57.7367,88.1878
frecuencia,6.00,0.3250,943,1669,57.8907,88.2455
frecuencia,6.00,0.3500,952,1683,57.9677,88.3801
frecuencia,6.00,0.3750,963,1697,57.8907,88.4956
frecuencia,6.00,0.4000,974,1711,57.7367,88.611
frecuencia,6.00,0.4250,987,1729,57.8907,88.7649
frecuencia,6.00,0.4500,987,1729,57.8907,88.7649
frecuencia,6.00,0.4750,1013,1765,57.9677,89.0342
frecuencia,6.00,0.5000,1037,1801,57.8907,89.3036
frecuencia,7.00,0.0010,13,20,53.2717,54.7903
frecuencia,7.00,0.0250,210,374,56.351,65.7753
frecuencia,7.00,0.0500,425,759,56.9669,74.7018
frecuencia,7.00,0.0750,491,871,56.1201,76.7988
frecuencia,7.00,0.1000,586,1026,55.5812,79.7807
frecuencia,7.00,0.1250,693,1210,56.1201,83.0512
frecuencia,7.00,0.1500,714,1252,56.1971,83.5129
frecuencia,7.00,0.1750,781,1366,56.351,85.0135
frecuencia,7.00,0.2000,811,1421,56.1971,85.5714
frecuencia,7.00,0.2250,842,1473,56.351,86.11
frecuencia,7.00,0.2500,854,1497,56.1201,86.3409
frecuencia,7.00,0.2750,882,1543,56.2741,86.8219
frecuencia,7.00,0.3000,894,1562,56.1201,87.0142
frecuencia,7.00,0.3250,895,1564,56.1201,87.0335
frecuencia,7.00,0.3500,913,1590,56.0431,87.2836
frecuencia,7.00,0.3750,931,1616,56.0431,87.5529
frecuencia,7.00,0.4000,945,1639,55.8122,87.726
frecuencia,7.00,0.4250,955,1654,55.8122,87.8607
frecuencia,7.00,0.4500,979,1687,55.8891,88.1301
frecuencia,7.00,0.4750,996,1711,56.1201,88.3224
frecuencia,7.00,0.5000,1004,1722,56.428,88.4186
frecuencia,8.00,0.0010,17,27,53.5797,55.0212
frecuencia,8.00,0.0250,283,511,55.2733,68.6995
frecuencia,8.00,0.0500,464,843,56.8129,76.8565
frecuencia,8.00,0.0750,653,1179,57.1978,83.0127
frecuencia,8.00,0.1000,677,1227,56.9669,83.6091
frecuencia,8.00,0.1250,722,1299,56.8899,84.6479
frecuencia,8.00,0.1500,755,1359,56.659,85.5329
frecuencia,8.00,0.1750,792,1427,56.9669,86.3409
frecuencia,8.00,0.2000,814,1471,57.2748,86.7834
frecuencia,8.00,0.2250,834,1505,57.4288,87.1489
frecuencia,8.00,0.2500,846,1523,57.5058,87.3028
frecuencia,8.00,0.2750,855,1541,57.5828,87.5144
frecuencia,8.00,0.3000,875,1569,57.5828,87.7645
frecuencia,8.00,0.3250,875,1569,57.5828,87.7645
frecuencia,8.00,0.3500,895,1597,57.8907,88.0146
frecuencia,8.00,0.3750,907,1615,57.5058,88.1878
frecuencia,8.00,0.4000,929,1647,57.5058,88.4379
frecuencia,8.00,0.4250,929,1647,57.5058,88.4379
frecuencia,8.00,0.4500,950,1677,57.8907,88.6495
frecuencia,8.00,0.4750,999,1745,57.8907,89.1689
frecuencia,8.00,0.5000,999,1745,57.8907,89.1689
frecuencia,9.00,0.0010,20,32,53.2717,55.1174
frecuencia,9.00,0.0250,146,256,54.7344,61.5814
frecuencia,9.00,0.0500,346,614,55.4273,70.9311
frecuencia,9.00,0.0750,509,898,55.2733,76.5679
frecuencia,9.00,0.1000,595,1042,55.5042,79.2228
frecuencia,9.00,0.1250,649,1122,55.8122,80.4155
frecuencia,9.00,0.1500,693,1196,55.8122,81.7237
frecuencia,9.00,0.1750,770,1322,55.5042,83.359
frecuencia,9.00,0.2000,838,1444,55.3503,84.7826
frecuencia,9.00,0.2250,884,1522,55.8891,85.7253
frecuencia,9.00,0.2500,910,1567,56.428,86.2062
frecuencia,9.00,0.2750,946,1618,55.9661,86.6679
frecuencia,9.00,0.3000,947,1620,55.9661,86.6872
frecuencia,9.00,0.3250,948,1622,56.1201,86.7257
frecuencia,9.00,0.3500,973,1658,55.8891,87.0912
frecuencia,9.00,0.3750,984,1673,55.9661,87.2066
frecuencia,9.00,0.4000,1026,1729,56.1971,87.6876
frecuencia,9.00,0.4250,1036,1742,56.1971,87.7645
frecuencia,9.00,0.4500,1057,1770,56.1971,87.9569
frecuencia,9.00,0.4750,1057,1770,56.1971,87.9569
frecuencia,9.00,0.5000,1066,1781,56.1201,88.0531
frecuencia,10.00,0.0010,33,57,52.348,55.4252
frecuencia,10.00,0.0250,194,331,56.1201,64.0823
frecuencia,10.00,0.0500,378,659,56.0431,72.0469
frecuencia,10.00,0.0750,492,855,56.736,76.0292
frecuencia,10.00,0.1000,562,979,56.2741,78.2993
frecuencia,10.00,0.1250,649,1121,56.659,80.531
frecuencia,10.00,0.1500,685,1185,56.428,81.3775
frecuencia,10.00,0.1750,785,1353,56.428,83.7245
frecuencia,10.00,0.2000,859,1477,56.8129,84.975
frecuencia,10.00,0.2250,952,1639,56.505,86.8219
frecuencia,10.00,0.2500,984,1687,56.505,87.3605
frecuencia,10.00,0.2750,995,1701,56.505,87.5144
frecuencia,10.00,0.3000,1015,1733,55.9661,87.9761
frecuencia,10.00,0.3250,1037,1761,55.8122,88.2262
frecuencia,10.00,0.3500,1051,1781,55.4273,88.4379
frecuencia,10.00,0.3750,1051,1781,55.4273,88.4379
frecuencia,10.00,0.4000,1060,1791,55.4273,88.4763
frecuencia,10.00,0.4250,1080,1815,55.3503,88.688
frecuencia,10.00,0.4500,1080,1815,55.3503,88.688
frecuencia,10.00,0.4750,1100,1839,55.4273,88.8803
frecuencia,10.00,0.5000,1132,1879,55.4273,89.1689
frecuencia,11.00,0.0010,22,34,52.6559,54.4825
frecuencia,11.00,0.0250,136,226,53.6567,60.908
frecuencia,11.00,0.0500,380,651,55.3503,71.2389
frecuencia,11.00,0.0750,603,1016,55.8891,78.4533
frecuencia,11.00,0.1000,693,1169,56.659,81.1658
frecuencia,11.00,0.1250,743,1251,56.659,82.5702
frecuencia,11.00,0.1500,786,1328,56.1201,83.6091
frecuencia,11.00,0.1750,796,1348,55.8891,83.8207
frecuencia,11.00,0.2000,809,1374,56.1971,84.0708
frecuencia,11.00,0.2250,851,1440,56.428,84.9365
frecuencia,11.00,0.2500,881,1491,56.736,85.5329
frecuencia,11.00,0.2750,882,1493,56.736,85.5521
frecuencia,11.00,0.3000,901,1522,56.582,85.8407
frecuencia,11.00,0.3250,915,1541,56.351,86.0716
frecuencia,11.00,0.3500,956,1596,56.505,86.6872
frecuencia,11.00,0.3750,968,1611,56.659,86.8411
frecuencia,11.00,0.4000,981,1628,56.582,86.995
frecuencia,11.00,0.4250,1031,1692,56.505,87.5337
frecuencia,11.00,0.4500,1060,1732,56.2741,87.88
frecuencia,11.00,0.4750,1074,1751,56.351,88.0339
frecuencia,11.00,0.5000,1074,1751,56.351,88.0339
frecuencia,12.00,0.0010,31,51,53.0408,56.0793
frecuencia,12.00,0.0250,141,241,53.2717,61.6006
frecuencia,12.00,0.0500,284,477,53.8876,68.1608
frecuencia,12.00,0.0750,379,637,54.6574,71.2005
frecuencia,12.00,0.1000,489,817,54.9654,74.875
frecuencia,12.00,0.1250,659,1097,56.582,79.723
frecuencia,12.00,0.1500,726,1201,56.659,81.339
frecuencia,12.00,0.1750,750,1239,57.1209,81.7045
frecuencia,12.00,0.2000,840,1389,58.0446,83.359
frecuencia,12.00,0.2250,852,1413,58.0446,83.5898
frecuencia,12.00,0.2500,897,1483,57.4288,84.3786
frecuencia,12.00,0.2750,935,1539,57.3518,85.0519
frecuencia,12.00,0.3000,975,1589,57.5828,85.5137
frecuencia,12.00,0.3250,1006,1631,57.7367,86.0331
frecuencia,12.00,0.3500,1018,1645,57.7367,86.11
frecuencia,12.00,0.3750,1055,1689,57.5828,86.4563
frecuencia,12.00,0.4000,1078,1715,57.5828,86.6102
frecuencia,12.00,0.4250,1078,1715,57.5828,86.6102
frecuencia,12.00,0.4500,1144,1797,57.6597,87.322
frecuencia,12.00,0.4750,1198,1865,57.5828,87.8415
frecuencia,12.00,0.5000,1229,1907,57.5058,88.1301
frecuencia,13.00,0.0010,33,54,52.271,55.7715
frecuencia,13.00,0.0250,92,150,54.0416,58.9265
frecuencia,13.00,0.0500,331,551,55.8122,68.9688
frecuencia,13.00,0.0750,391,649,56.428,70.8927
frecuencia,13.00,0.1000,505,833,56.8899,74.3555
frecuencia,13.00,0.1250,640,1048,57.9677,78.0685
frecuencia,13.00,0.1500,708,1162,57.7367,79.8384
frecuencia,13.00,0.1750,751,1226,57.5828,80.6464
frecuencia,13.00,0.2000,789,1291,57.6597,81.2235
frecuencia,13.00,0.2250,883,1435,58.2756,83.0512
frecuencia,13.00,0.2500,946,1539,58.2756,84.3209
frecuencia,13.00,0.2750,998,1599,58.5065,84.8596
frecuencia,13.00,0.3000,1067,1693,58.7375,85.8599
frecuencia,13.00,0.3250,1097,1731,58.8145,86.2255
frecuencia,13.00,0.3500,1113,1752,58.9684,86.4371
frecuencia,13.00,0.3750,1141,1786,59.1224,86.7064
frecuencia,13.00,0.4000,1142,1788,59.1224,86.7257
frecuencia,13.00,0.4250,1203,1866,59.1224,87.4952
frecuencia,13.00,0.4500,1261,1938,58.9684,88.0146
frecuencia,13.00,0.4750,1274,1953,58.8915,88.1301
frecuencia,13.00,0.5000,1289,1972,58.8915,88.2455
frecuencia,14.00,0.0010,28,43,54.1186,55.2328
frecuencia,14.00,0.0250,103,157,54.7344,58.8496
frecuencia,14.00,0.0500,273,449,55.2733,66.1408
frecuencia,14.00,0.0750,390,635,56.736,70.1616
frecuencia,14.00,0.1000,464,759,57.5058,72.5279
frecuencia,14.00,0.1250,635,1017,58.3526,76.7795
frecuencia,14.00,0.1500,710,1131,58.5065,78.434
frecuencia,14.00,0.1750,882,1391,58.1986,82.0123
frecuencia,14.00,0.2000,963,1517,57.9677,83.359
frecuencia,14.00,0.2250,987,1553,57.8907,83.6668
frecuencia,14.00,0.2500,1012,1591,58.1216,84.1093
frecuencia,14.00,0.2750,1043,1629,58.0446,84.3786
frecuencia,14.00,0.3000,1098,1691,58.1216,84.7826
frecuencia,14.00,0.3250,1157,1761,57.6597,85.379
frecuencia,14.00,0.3500,1194,1811,57.6597,85.8984
frecuencia,14.00,0.3750,1224,1847,57.7367,86.2062
frecuencia,14.00,0.4000,1241,1869,57.7367,86.4179
frecuencia,14.00,0.4250,1268,1899,57.7367,86.6295
frecuencia,14.00,0.4500,1318,1963,57.6597,87.1681
frecuencia,14.00,0.4750,1353,2009,57.9677,87.5721
frecuencia,14.00,0.5000,1414,2083,57.9677,87.9761
frecuencia,15.00,0.0010,27,40,53.8106,55.2135
frecuencia,15.00,0.0250,107,174,55.2733,59.8499
frecuencia,15.00,0.0500,180,294,54.6574,62.5048
frecuencia,15.00,0.0750,387,630,56.582,70.1231
frecuencia,15.00,0.1000,513,830,56.736,73.7976
frecuencia,15.00,0.1250,547,885,56.8899,74.7018
frecuencia,15.00,0.1500,682,1090,57.2748,77.6645
frecuencia,15.00,0.1750,730,1160,57.2748,78.5687
frecuencia,15.00,0.2000,825,1298,57.1209,79.9923
frecuencia,15.00,0.2250,879,1380,57.1209,81.1081
frecuencia,15.00,0.2500,924,1444,57.3518,81.8392
frecuencia,15.00,0.2750,971,1512,57.1209,82.6664
frecuencia,15.00,0.3000,1022,1588,57.1209,83.5706
frecuencia,15.00,0.3250,1132,1730,56.9669,85.1289
frecuencia,15.00,0.3500,1194,1802,56.9669,85.8215
frecuencia,15.00,0.3750,1230,1848,56.9669,86.2639
frecuencia,15.00,0.4000,1244,1863,56.8899,86.3986
frecuencia,15.00,0.4250,1275,1899,56.736,86.7064
frecuencia,15.00,0.4500,1275,1899,56.736,86.7064
frecuencia,15.00,0.4750,1316,1955,56.8899,87.1681
frecuencia,15.00,0.5000,1333,1976,56.9669,87.322
frecuencia,16.00,0.0010,32,49,53.9646,55.5214
frecuencia,16.00,0.0250,143,229,55.9661,60.985
frecuencia,16.00,0.0500,170,269,55.8122,61.8315
frecuencia,16.00,0.0750,235,371,55.2733,63.8707
frecuencia,16.00,0.1000,375,595,55.6582,68.2378
frecuencia,16.00,0.1250,585,917,55.9661,74.798
frecuencia,16.00,0.1500,675,1055,56.0431,76.7411
frecuencia,16.00,0.1750,806,1247,56.2741,79.5883
frecuencia,16.00,0.2000,859,1325,56.582,80.3194
frecuencia,16.00,0.2250,893,1379,56.2741,81.0504
frecuencia,16.00,0.2500,900,1393,56.2741,81.1851
frecuencia,16.00,0.2750,934,1433,56.1201,81.4736
frecuencia,16.00,0.3000,1000,1523,55.5042,82.551
frecuencia,16.00,0.3250,1072,1625,55.7352,83.6283
frecuencia,16.00,0.3500,1141,1707,55.5812,84.3786
frecuencia,16.00,0.3750,1160,1731,55.5042,84.6287
frecuencia,16.00,0.4000,1256,1853,55.5812,85.6676
frecuencia,16.00,0.4250,1277,1881,55.6582,85.9177
frecuencia,16.00,0.4500,1280,1887,55.7352,85.9561
frecuencia,16.00,0.4750,1322,1943,55.6582,86.4563
frecuencia,16.00,0.5000,1356,1983,55.4273,86.7641
frecuencia,17.00,0.0010,27,38,54.1186,54.7326
frecuencia,17.00,0.0250,102,158,53.9646,58.8111
frecuencia,17.00,0.0500,142,223,54.7344,60.2155
frecuencia,17.00,0.0750,277,433,57.1209,65.1404
frecuencia,17.00,0.1000,429,677,58.1216,70.0846
frecuencia,17.00,0.1250,467,738,57.9677,71.0658
frecuencia,17.00,0.1500,643,1000,58.0446,75.2597
frecuencia,17.00,0.1750,711,1091,58.1986,76.491
frecuencia,17.00,0.2000,843,1280,57.7367,78.8188
frecuencia,17.00,0.2250,933,1400,57.5828,80.2809
frecuencia,17.00,0.2500,1017,1508,57.4288,81.1466
frecuencia,17.00,0.2750,1078,1600,57.6597,82.2624
frecuencia,17.00,0.3000,1154,1707,56.736,83.4167
frecuencia,17.00,0.3250,1210,1774,56.659,83.9169
frecuencia,17.00,0.3500,1299,1892,57.1978,84.975
frecuencia,17.00,0.3750,1343,1950,57.2748,85.5137
frecuencia,17.00,0.4000,1379,1992,57.3518,85.7638
frecuencia,17.00,0.4250,1420,2044,57.4288,86.1678
frecuencia,17.00,0.4500,1439,2067,57.4288,86.3986
frecuencia,17.00,0.4750,1472,2103,57.2748,86.6102
frecuencia,17.00,0.5000,1488,2120,57.2748,86.7257
frecuencia,18.00,0.0010,33,49,52.194,54.2901
frecuencia,18.00,0.0250,69,105,53.2717,56.4448
frecuencia,18.00,0.0500,154,227,54.5804,59.3882
frecuencia,18.00,0.0750,163,245,53.6567,59.8884
frecuencia,18.00,0.1000,319,477,55.1963,64.0439
frecuencia,18.00,0.1250,588,887,56.428,72.1047
frecuencia,18.00,0.1500,774,1147,57.0439,75.7407
frecuencia,18.00,0.1750,841,1233,57.5058,76.8757
frecuencia,18.00,0.2000,923,1349,57.8137,78.3955
frecuencia,18.00,0.2250,1040,1519,58.4296,80.5502
frecuencia,18.00,0.2500,1100,1591,58.5065,81.1851
frecuencia,18.00,0.2750,1140,1655,58.1986,81.9546
frecuencia,18.00,0.3000,1164,1687,57.6597,82.3586
frecuencia,18.00,0.3250,1202,1731,57.4288,82.8396
frecuencia,18.00,0.3500,1242,1779,57.5828,83.1858
frecuencia,18.00,0.3750,1346,1907,57.5828,84.3786
frecuencia,18.00,0.4000,1403,1973,57.7367,84.8596
frecuencia,18.00,0.4250,1420,1991,57.7367,84.9558
frecuencia,18.00,0.4500,1443,2021,57.8907,85.2443
frecuencia,18.00,0.4750,1519,2109,57.8137,85.8792
frecuencia,18.00,0.5000,1519,2109,57.8137,85.8792
frecuencia,19.00,0.0010,35,52,52.194,54.3286
frecuencia,19.00,0.0250,46,74,53.0408,55.0981
frecuencia,19.00,0.0500,135,201,53.7336,58.5995
frecuencia,19.00,0.0750,182,278,53.9646,60.0808
frecuencia,19.00,0.1000,350,529,53.9646,64.6402
frecuencia,19.00,0.1250,380,572,53.8876,65.3713
frecuencia,19.00,0.1500,641,958,55.0423,72.2201
frecuencia,19.00,0.1750,771,1133,55.5042,74.798
frecuencia,19.00,0.2000,828,1213,55.5042,75.6445
frecuencia,19.00,0.2250,983,1421,56.351,78.3378
frecuencia,19.00,0.2500,1080,1547,56.351,79.9538
frecuencia,19.00,0.2750,1173,1665,56.8129,81.3582
frecuencia,19.00,0.3000,1267,1785,57.3518,82.6087
frecuencia,19.00,0.3250,1290,1814,57.1209,82.9935
frecuencia,19.00,0.3500,1321,1859,57.1978,83.4552
frecuencia,19.00,0.3750,1405,1959,57.3518,84.2055
frecuencia,19.00,0.4000,1523,2093,57.1978,85.1866
frecuencia,19.00,0.4250,1542,2114,57.1978,85.3405
frecuencia,19.00,0.4500,1541,2112,57.2748,85.4559
frecuencia,19.00,0.4750,1580,2156,57.3518,85.7638
frecuencia,19.00,0.5000,1598,2175,57.4288,85.8792
frecuencia,20.00,0.0010,33,47,52.194,54.1747
frecuencia,20.00,0.0250,43,67,52.5789,54.7326
frecuencia,20.00,0.0500,141,209,53.1178,58.9265
frecuencia,20.00,0.0750,189,287,53.4257,60.4463
frecuencia,20.00,0.1000,300,455,54.1955,63.5437
frecuencia,20.00,0.1250,407,615,55.1193,66.0639
frecuencia,20.00,0.1500,637,949,56.1971,71.7007
frecuencia,20.00,0.1750,853,1237,56.0431,76.7026
frecuencia,20.00,0.2000,907,1309,56.0431,77.3567
frecuencia,20.00,0.2250,953,1365,56.0431,77.7992
frecuencia,20.00,0.2500,980,1401,55.8122,78.03
frecuencia,20.00,0.2750,1059,1505,56.1201,79.3767
frecuencia,20.00,0.3000,1154,1623,56.2741,80.7234
frecuencia,20.00,0.3250,1210,1699,56.351,81.6275
frecuencia,20.00,0.3500,1306,1819,56.351,83.0127
frecuencia,20.00,0.3750,1358,1887,56.659,83.686
frecuencia,20.00,0.4000,1395,1925,56.659,83.8207
frecuencia,20.00,0.4250,1501,2047,56.9669,84.6672
frecuencia,20.00,0.4500,1559,2109,56.8899,85.0904
frecuencia,20.00,0.4750,1559,2109,56.8899,85.0904
frecuencia,20.00,0.5000,1578,2129,56.8899,85.1674
